,Phosphate rock,DAP,TSP,Urea ,Potassium chloride **,Aluminum,"Iron ore, cfr spot",Copper,Lead,Tin,Nickel,Zinc,Gold,Platinum,Silver
year,($/mt),($/mt),($/mt),($/mt),($/mt),($/mt),($/dmtu),($/mt),($/mt),($/mt),($/mt),($/mt),($/troy oz),($/troy oz),($/troy oz)
1960M01,13,...,53,42.25,28.5,511.4718323,11.42,715.4,206.1,2180.4,1631,260.8,35.27,83.5,0.9137
1960M02,13,...,53,42.25,28.5,511.4718323,11.42,728.19,203.7,2180.4,1631,244.9,35.27,83.5,0.9137
1960M03,13,...,53,42.25,28.5,511.4718323,11.42,684.94,210.3,2173.8,1631,248.7,35.27,83.5,0.9137
1960M04,13,...,53,42.25,28.5,511.4718323,11.42,723.11,213.6,2178.2,1631,254.6,35.27,83.5,0.9137
1960M05,13,...,53,42.25,28.5,511.4718323,11.42,684.75,213.4,2162.7,1631,253.8,35.27,83.5,0.9137
1960M06,13,...,53,42.25,28.5,511.4718323,11.42,691.59,202.4,2184.8,1631,249.8,35.27,83.5,0.9137
1960M07,13,...,53,42.25,28.5,511.4718323,11.42,702.39,196.2,2248.7,1631,248.7,35.27,83.5,0.9137
1960M08,13,...,53,42.25,28.5,511.4718323,11.42,675.94,195.3,2204.6,1631,241,35.27,83.5,0.9137
1960M09,13,...,53,42.25,28.5,511.4718323,11.42,647.06,192.7,2226.7,1631,240.1,35.27,83.5,0.9137
1960M10,13,...,53,42.25,28.5,511.4718323,11.42,612.66,185.2,2226.7,1631,242.3,35.27,83.5,0.9137
1960M11,13,...,53,42.25,28.5,511.4718323,11.42,642.13,188.1,2204.6,1631,241.4,35.27,83.5,0.9137
1960M12,13,...,53,42.25,28.5,511.4718323,11.42,636.91,179.2,2189.2,1631,228.2,35.27,83.5,0.9137
1961M01,13,...,52,42.25,30,511.4718323,11.02,606.71,175.9,2162.7,1711,218,35.25,83.5,0.9137
1961M02,13,...,52,42.25,30,511.4718323,11.02,616.63,179.9,2187,1711,228.2,35.25,83.5,0.9137
1961M03,13,...,52,42.25,30,511.4718323,11.02,621.26,181.7,2248.7,1711,233.2,35.25,83.5,0.9137
1961M04,13,...,52,42.25,30,511.4718323,11.02,631.84,185,2308.2,1711,231.3,35.25,83.5,0.9137
1961M05,13,...,52,42.25,30,511.4718323,11.02,668.44,183.6,2376.6,1711,227.1,35.25,83.5,0.9137
1961M06,13,...,52,42.25,30,511.4718323,11.02,652.12,178.4,2467,1711,217.8,35.25,83.5,0.9137
1961M07,13,...,52,42.25,30,511.4718323,11.02,633.39,178.8,2519.9,1711,214.7,35.25,83.5,0.9137
1961M08,13,...,52,42.25,30,511.4718323,11.02,636.47,178.4,2605.9,1711,210.8,35.25,83.5,0.9137
1961M09,13,...,52,42.25,30,511.4718323,11.02,632.72,176.4,2630.1,1711,203.7,35.25,83.5,0.9137
1961M10,13,...,52,42.25,30,511.4718323,11.02,630.3,172.5,2605.9,1711,198.2,35.25,83.5,0.9137
1961M11,13,...,52,42.25,30,511.4718323,11.02,632.28,166.4,2667.6,1711,191.8,35.25,83.5,0.9231
1961M12,13,...,52,42.25,30,511.4718323,11.02,634.85,166.7,2619.1,1711,196.9,35.25,83.5,1.0332
1962M01,11.5,...,51,42.25,30,511.4718323,11.01,635.37,162.9,2610.3,1761,193.6,35.23,83.5,1.0428
1962M02,11.5,...,51,42.25,30,504.8579712,11.01,647.94,161.9,2623.5,1761,189.6,35.23,83.5,1.0247
1962M03,11.5,...,51,42.25,30,496.0394897,11.01,647.5,167.1,2652.2,1761,191.4,35.23,83.5,1.015
1962M04,11.5,...,51,42.25,30,496.0394897,11.01,645.95,166.7,2614.7,1761,191.4,35.23,83.5,1.015
1962M05,11.5,...,51,42.25,30,496.0394897,11.01,645.73,164.9,2533.1,1761,188.5,35.23,83.5,1.015
1962M06,11.5,...,51,42.25,30,496.0394897,11.01,645.51,159,2414.1,1761,184.7,35.23,83.5,1.0227
1962M07,11.5,...,51,42.25,30,496.0394897,11.01,645.51,148.4,2376.6,1761,182.1,35.23,83.5,1.0355
1962M08,11.5,...,51,42.25,30,496.0394897,11.01,645.51,140.7,2350.1,1761,178.1,35.23,83.5,1.083
1962M09,11.5,...,51,42.25,30,496.0394897,11.01,645.51,143.1,2350.1,1761,176.6,35.23,83.5,1.1546
1962M10,11.5,...,51,42.25,30,496.0394897,11.01,645.95,146.2,2358.9,1761,181.9,35.23,83.5,1.206
1962M11,11.5,...,51,42.25,30,496.0394897,11.01,645.51,149.7,2407.4,1761,188.5,35.23,83.5,1.1917
1962M12,11.5,...,51,42.25,30,496.0394897,11.01,645.73,152.8,2365.6,1761,184.7,35.23,83.5,1.1987
1963M01,11.5,...,52,42.25,30,496.0394897,11.02,645.51,149.4,2350.1,1741,186.3,35.09,83.5,1.2438
1963M02,11.5,...,52,42.25,30,496.0394897,11.02,645.51,150.6,2350.1,1742,191.6,35.09,83.5,1.2564
1963M03,11.5,...,52,42.25,30,496.0394897,11.02,645.51,153.7,2358.9,1742,197.5,35.09,83.5,1.2714
1963M04,11.5,...,52,42.25,30,496.0394897,11.02,645.73,159.4,2427.3,1741,204.4,35.09,78.5,1.2729
1963M05,11.5,...,52,42.25,30,496.0394897,11.02,645.51,167.1,2495.6,1742,209.4,35.09,78.5,1.2787
1963M06,11.5,...,52,42.25,30,496.0394897,11.02,645.73,179,2500,1742,209.2,35.09,78.5,1.2768
1963M07,11.5,...,52,42.25,30,496.0394897,11.02,645.51,179.5,2482.4,1741,204.8,35.09,78.5,1.2899
1963M08,11.5,...,52,42.25,30,496.0394897,11.02,645.51,184.7,2495.6,1742,210.3,35.09,78.95,1.2878
1963M09,11.5,...,52,42.25,30,496.0394897,11.02,645.51,187,2572.8,1742,211.2,35.09,80.75,1.2926
1963M10,11.5,...,52,42.25,30,507.0625916,11.02,645.51,192,2590.4,1741,220.9,35.09,80.5,1.293
1963M11,11.5,...,52,42.25,30,507.0625916,11.02,645.73,190.5,2687.4,1742,231.5,35.09,82.97,1.293
1963M12,11.5,...,52,42.25,30,507.0625916,11.02,650.14,204.8,2782.2,1742,261,35.09,83.5,1.293
1964M01,12.5,...,53,60.5,32.5,507.0625916,10.24,655.65,217.6,2872.6,1741,264.1,35.1,88.27,1.293
1964M02,12.5,...,53,60.5,32.5,507.0625916,10.24,693.79,223.1,3060,1742,270.5,35.1,88.5,1.293
1964M03,12.5,...,53,60.5,32.5,524.6994629,10.24,745.16,223.8,2958.6,1742,277.1,35.1,88.5,1.293
1964M04,12.5,...,53,60.5,32.5,529.1088867,10.24,861.56,226.8,2879.2,1741,298.7,35.1,88.5,1.293
1964M05,12.5,...,53,60.5,32.5,529.1088867,10.24,828.28,243.8,2910.1,1742,343,35.1,88.5,1.293
1964M06,12.5,...,53,60.5,32.5,529.1088867,10.24,808.43,246.3,3265,1742,357.1,35.1,88.5,1.293
1964M07,12.5,...,53,60.5,32.5,529.1088867,10.24,854.95,270.9,3452.4,1741,385.1,35.1,88.5,1.293
1964M08,12.5,...,53,60.5,32.5,529.1088867,10.24,999.33,300.9,3512,1742,345.2,35.1,88.5,1.293
1964M09,12.5,...,53,60.5,32.5,529.1088867,10.24,1162.05,300.9,3933,1742,355.1,35.1,88.5,1.293
1964M10,12.5,...,53,60.5,32.5,529.1088867,10.24,1358.27,331.8,4371.8,1741,334.4,35.1,88.5,1.293
1964M11,12.5,...,53,60.5,32.5,529.1088867,10.24,1400.37,365.1,4105,1742,344.6,35.1,88.5,1.293
1964M12,12.5,...,53,60.5,32.5,540.1318359,10.24,1269.2,383.6,3633.2,1742,343,35.1,88.5,1.293
1965M01,14,...,54,65.75,29.5,540.1318359,10.24,1000.68,347.9,3456.8,1735,322.3,35.12,93,1.293
1965M02,14,...,54,65.75,29.5,540.1318359,10.24,1179.91,389.6,3390.7,1735,320.3,35.12,98.5,1.293
1965M03,14,...,54,65.75,29.5,540.1318359,10.24,1237.23,395.3,3584.7,1735,315.9,35.12,98.5,1.293
1965M04,14,...,54,65.75,29.5,540.1318359,10.24,1348.34,353,3944.1,1735,315.9,35.12,98.5,1.293
1965M05,14,...,54,65.75,29.5,540.1318359,15.3,1378.55,302,4215.2,1735,323.4,35.12,98.5,1.293
1965M06,14,...,54,65.75,29.5,540.1318359,10.24,1308.88,278.7,4131.5,1735,314.4,35.12,98.5,1.293
1965M07,14,...,54,65.75,29.5,540.1318359,10.24,1134.06,271.6,3966.1,1735,310.4,35.12,98.5,1.293
1965M08,14,...,54,65.75,29.5,540.1318359,10.24,1209.9,272,4091.8,1735,303.6,35.12,98.5,1.293
1965M09,14,...,54,65.75,29.5,540.1318359,10.24,1327.84,289.2,4208.6,1735,299.6,35.12,98.5,1.293
1965M10,14,...,54,65.75,29.5,540.1318359,10.24,1401.92,306.9,4010.2,1735,307.8,35.12,98.5,1.293
1965M11,14,...,54,65.75,29.5,540.1318359,10.24,1469.16,299.2,3820.6,1735,298.7,35.12,98.5,1.293
1965M12,14,...,54,65.75,29.5,540.1318359,10.24,1517.66,300.7,3869.1,1735,302.7,35.12,98.5,1.293
1966M01,13,...,50,59.25,27.5,540.1318359,9.52,1679.04,301.2,3926.4,1739,302.7,35.13,98.5,1.293
1966M02,13,...,50,59.25,27.5,540.1318359,9.52,1874.37,291.5,3877.9,1739,299.8,35.13,98.5,1.293
1966M03,13,...,50,59.25,27.5,540.1318359,9.52,1874.81,292.8,3772.1,1739,300.7,35.13,99.65,1.293
1966M04,13,...,50,59.25,27.5,540.1318359,9.52,1907.44,280.4,3763.3,1739,278.7,35.13,100,1.293
1966M05,13,...,50,59.25,27.5,540.1318359,9.52,1663.61,261.9,3688.3,1739,270,35.13,100,1.293
1966M06,13,...,50,59.25,27.5,540.1318359,9.52,1695.79,259.3,3516.4,1739,272.1,35.13,100,1.293
1966M07,13,...,50,59.25,27.5,540.1318359,9.52,1567.93,263.4,3514.2,1739,264.6,35.13,100,1.293
1966M08,13,...,50,59.25,27.5,540.1318359,9.52,1195.34,242.5,3428.2,1739,264.6,35.13,100,1.293
1966M09,13,...,50,59.25,27.5,540.1318359,9.52,1128.32,254.2,3377.5,1739,270.5,35.13,100,1.293
1966M10,13,...,50,59.25,27.5,540.1318359,9.52,1275.37,233.7,3362,1739,276,35.13,100,1.293
1966M11,13,...,50,59.25,27.5,540.1318359,9.52,1301.61,222.7,3320.2,1739,288.1,35.13,100,1.293
1966M12,13,...,50,59.25,27.5,540.1318359,9.52,1214.53,224.2,3335.6,1739,285.5,35.13,100,1.293
1967M01,12,68.5,46.5,49.25,25.5,540.1318359,8.86,1243.85,220.2,3302.5,1935.7,279.5,34.95,102.93,1.293
1967M02,12,68.5,46.5,49.25,25.5,540.1318359,8.86,1220.48,221.8,3309.1,1935.7,282.2,34.95,110.5,1.293
1967M03,12,68.5,46.5,49.25,25.5,540.1318359,8.86,1098.34,228.4,3318,1935.7,279.3,34.95,110.5,1.293
1967M04,12,68.5,46.5,49.25,25.5,540.1318359,8.86,994.72,226.6,3351,1935.7,272.1,34.95,110.5,1.293
1967M05,12,68.5,46.5,49.25,25.5,540.1318359,8.86,1036.17,226.2,3357.6,1935.7,275.1,34.95,110.5,1.2959
1967M06,12,68.5,46.5,49.25,25.5,540.1318359,8.86,1015.22,228.2,3366.5,1935.7,274.3,34.95,110.5,1.301
1967M07,12,68.5,43.5,49.25,25.5,540.1318359,8.86,997.37,231.3,3362,1935.7,267.2,34.95,110.5,1.5929
1967M08,12,68.5,43.5,49.25,25.5,540.1318359,8.86,1044.55,232.3,3291.5,1935.7,268.7,34.95,110.5,1.7498
1967M09,12,68.5,43.5,49.25,25.5,540.1318359,8.86,1060.2,226.9,3267.2,1935.7,264.6,34.95,110.5,1.6795
1967M10,12,68.5,43.5,49.25,25.5,540.1318359,8.86,1138.47,225.7,3280.5,1935.7,263.9,34.95,110.5,1.7859
1967M11,12,68.5,43.5,49.25,25.5,540.1318359,8.86,1443.81,242.1,3298.1,1935.7,287,34.95,110.5,1.9532
1967M12,12,68.5,43.5,49.25,25.5,540.1318359,8.86,1324.09,222.4,3192.3,1935.7,266.1,34.95,115.05,2.06
1968M01,11.5,60.5,39,35.5,24,540.1318359,8.77,1408.75,218,3126.2,2074.5,262.8,35.5,114,1.9899
1968M02,11.5,60.5,39,35.5,24,540.1318359,8.77,1719.82,227.5,3110.7,2074.5,259.7,36,111.5,1.8547
1968M03,11.5,60.5,39,35.5,24,540.1318359,8.77,1701.08,233.9,3112.9,2074.5,257.5,37,111.5,2.1805
1968M04,11.5,60.5,39,35.5,24,540.1318359,8.77,1255.09,235,3106.3,2074.5,258.2,37.86,111.5,2.2028
1968M05,11.5,60.5,39,35.5,24,540.1318359,8.77,1096.58,237.7,3084.3,2074.5,261.5,40.7,111.5,2.3768
1968M06,11.5,60.5,39,35.5,24,562.1779785,8.77,1136.7,238.5,3084.3,2074.5,262.1,41.14,111.5,2.4641
1968M07,11.5,60.5,36,35.5,24,562.1779785,8.77,1054.25,247.1,3075.4,2074.5,265.7,39.46,122.5,2.3138
1968M08,11.5,60.5,36,35.5,24,562.1779785,8.77,1056.45,250.2,3062.2,2074.5,269,39.19,122.5,2.1946
1968M09,11.5,60.5,36,35.5,24,562.1779785,8.77,1110.03,251.5,3071,2074.5,263,40.18,122.5,2.2085
1968M10,11.5,60.5,36,35.5,24,562.1779785,8.77,1079.82,247.8,3110.7,2074.5,262.1,39.21,122.5,1.9728
1968M11,11.5,60.5,36,35.5,24,562.1779785,8.77,1099.88,248.5,3320.2,2074.5,264.1,39.78,122.5,2.0178
1968M12,11.5,60.5,36,35.5,24,562.1779785,8.77,1184.98,250.2,3258.4,2074.5,269,41.08,122.5,1.9593
1969M01,11.25,58,38.5,26.6,22,573.2011719,9.84,1255.53,254.2,3227.6,2363.4,269.4,42.3,122.5,1.9789
1969M02,11.25,58,38.5,26.6,22,584.2243652,9.84,1285.29,258.4,3245.2,2363.4,267.4,42.6,122.5,1.8397
1969M03,11.25,58,38.5,26.6,22,584.2243652,9.84,1278.46,261.2,3243,2363.4,271.6,43.16,122.5,1.8257
1969M04,11.25,58,38.5,26.6,22,584.2243652,9.84,1388.03,268.3,3304.7,2363.4,272.7,43.31,122.5,1.7781
1969M05,11.25,58,38.5,26.6,22,584.2243652,9.84,1392.44,278.2,3355.4,2363.4,278.9,43.46,122.5,1.761
1969M06,11.25,58,38.5,26.6,22,584.2243652,9.84,1483.04,285.5,3379.7,2363.4,281.3,41.44,122.5,1.6455
1969M07,11.25,58,40,26.6,22,584.2243652,9.84,1453.95,311.1,3439.2,2363.4,283.7,41.76,122.5,1.6183
1969M08,11.25,58,40,26.6,22,584.2243652,9.84,1606.73,315.9,3470.1,2363.4,293.9,41.09,122.5,1.6526
1969M09,11.25,58,40,26.6,22,584.2243652,9.84,1578.95,302.5,3470.1,2363.4,299.4,40.87,122.5,1.7855
1969M10,11.25,58,40,26.6,22,601.8613281,9.84,1554.48,293.7,3534,2363.4,298.9,40.44,122.75,1.8725
1969M11,11.25,58,40,26.6,22,606.2705078,9.84,1631.42,315.7,3642,2363.4,309.5,37.4,132.5,1.9231
1969M12,11.25,58,40,26.6,22,606.2705078,9.84,1699.76,334,3818.4,2363.4,310.2,35.17,132.5,1.8071
1970M01,11,54,44,18.25,31.5,606.2705078,9.84,1626.3,324.7,3842.7,2846.2,302.4,34.94,132.5,1.8765
1970M02,11,54,44,18.25,31.5,606.2705078,9.84,1657.2,341,3767.7,2846.2,298,34.99,132.5,1.8958
1970M03,11,54,44,18.25,31.5,606.2705078,9.84,1754,335.5,3796.4,2846.2,296,35.09,132.5,1.8885
1970M04,11,54,44,18.25,31.5,612.8842773,9.84,1741.6,321.2,3849.3,2846.2,293.4,35.62,132.5,1.8529
1970M05,11,54,44,18.25,31.5,617.2937012,9.84,1597.9,291.6,3736.8,2846.2,291.7,35.95,132.5,1.67
1970M06,11,54,44,18.25,31.5,617.2937012,9.84,1458,308.2,3542.8,2846.2,293.2,35.42,132.5,1.6394
1970M07,11,54,41,18.25,31.5,617.2937012,9.84,1366.6,300.7,3498.7,2846.2,298.1,35.32,132.5,1.6866
1970M08,11,54,41,18.25,31.5,617.2937012,9.84,1266.5,285.4,3620,2846.2,298.1,35.38,132.5,1.7977
1970M09,11,54,41,18.25,31.5,617.2937012,9.84,1246.9,284.8,3646.4,2846.2,300,36.19,132.5,1.8016
1970M10,11,54,41,18.25,31.5,617.2937012,9.84,1142.4,285.2,3668.5,2846.2,296.5,37.52,132.5,1.7458
1970M11,11,54,41,18.25,31.5,617.2937012,9.84,1085.3,279.9,3615.6,2846.2,293.2,37.44,132.5,1.7604
1970M12,11,54,41,18.25,31.5,617.2937012,9.84,1045.7,276.7,3496.5,2846.2,289.2,37.44,132.5,1.6348
1971M01,11.25,57.5,40,16,32.5,617.2937012,10.33,1010,262.5,3465.7,2932.1,284.6,37.88,129,1.6396
1971M02,11.25,57.5,40,16,32.5,617.2937012,10.33,1020.2,266.1,3463.5,2932.1,272.1,38.74,122.5,1.6003
1971M03,11.25,57.5,40,16,32.5,617.2937012,10.33,1144.1,267.4,3527.4,2932.1,283.7,38.87,122.5,1.669
1971M04,11.25,57.5,40,16,32.5,617.2937012,10.33,1251.5,268,3562.7,2932.1,283.5,39.01,122.5,1.726
1971M05,11.25,57.5,40,16,32.5,617.2937012,10.33,1114.4,264.5,3520.8,2932.1,287.7,40.52,122.5,1.6667
1971M06,11.25,57.5,40,16,32.5,617.2937012,10.33,1074.2,273.3,3448,2932.1,308.6,40.1,122.5,1.6081
1971M07,11.25,66,46.5,16,32.5,617.2937012,10.33,1115.3,261.9,3456.8,2932.1,317.6,40.95,122.5,1.5808
1971M08,11.25,66,46.5,16,32.5,628.3166504,10.33,1097.9,258.3,3478.9,2932.1,322.5,42.71,122.5,1.5866
1971M09,11.25,66,46.5,16,32.5,639.3398438,10.33,1056.4,239.2,3525.2,2932.1,311.2,42.03,122.5,1.4214
1971M10,11.25,66,46.5,16,32.5,639.3398438,10.33,1041.2,229.5,3489.9,2932.1,336.6,42.5,122.5,1.3358
1971M11,11.25,66,46.5,16,32.5,641.5444336,10.33,1013.9,221.8,3534,2932.1,344.4,42.86,122.5,1.3199
1971M12,11.25,66,46.5,16,32.5,665.795166,10.33,1037.9,231,3670.7,2932.1,358.9,43.48,122.5,1.3935
1972M01,11.5,83,60,29.25,33.5,670.2045898,10.33,1078,251.9,3626.6,3079.9,379.8,45.75,122.5,1.4731
1972M02,11.5,83,60,29.25,33.5,670.2045898,10.33,1112.4,294.3,3631,3079.9,389.7,48.26,122.5,1.5036
1972M03,11.5,83,60,29.25,33.5,670.2045898,10.33,1108.2,320.5,3789.7,3079.9,397.4,48.33,122.5,1.5364
1972M04,11.5,83,60,29.25,33.5,670.2045898,10.33,1133,315.9,3844.9,3079.9,395,49.03,122.5,1.572
1972M05,11.5,83,60,29.25,33.5,599.6567383,10.33,1106.4,317.9,3765.5,3079.9,386.2,54.62,122.5,1.583
1972M06,11.5,83,60,29.25,33.5,566.5874023,10.33,1063.2,311.9,3741.2,3079.9,371,62.09,122.5,1.569
1972M07,11.5,99,75,29.25,33.5,537.9272461,10.33,1034.6,303.7,3732.4,3079.9,363.7,65.66,128,1.7358
1972M08,11.5,99,75,29.25,33.5,540.1318359,10.33,1046.7,297.8,3754.5,3079.9,363.5,67.03,132.5,1.8461
1972M09,11.5,99,75,29.25,33.5,537.9272461,10.33,1060.6,302.4,3803,3079.9,368.4,65.46,132.5,1.7767
1972M10,11.5,99,75,29.25,33.5,537.9272461,10.33,917.5,297.2,3758.9,3079.9,363.7,64.86,132.5,1.8106
1972M11,11.5,99,75,29.25,33.5,540.1318359,10.33,1007.1,298,3701.6,3079.9,378.9,62.91,132.5,1.8325
1972M12,11.5,99,75,29.25,33.5,540.1318359,10.33,1024.4,308.4,3730.2,3079.9,375,63.91,132.5,1.976
1973M01,13.75,105,84,64.75,42.5,542.3364258,10.33,1119,318.3,3789.7,3373.1,387,65.14,132.5,2.0166
1973M02,13.75,105,84,64.75,42.5,557.7687988,10.33,1243.6,339.9,4027.8,3373.1,422,74.2,141.97,2.2362
1973M03,13.75,105,84,64.75,42.5,570.996582,10.33,1509.5,372.1,4288,3373.1,474,84.37,152.5,2.3092
1973M04,13.75,105,84,64.75,42.5,570.996582,10.33,1588.4,387.1,4270.3,3373.1,513,90.5,152.5,2.2072
1973M05,13.75,105,84,64.75,42.5,582.0197754,10.33,1552.2,396.4,4347.5,3373.1,549,101.96,152.5,2.4012
1973M06,13.75,105,84,64.75,42.5,601.8613281,10.33,1748.7,425.3,4530.5,3373.1,656,120.12,152.5,2.6209
1973M07,13.75,132.5,115,64.75,42.5,634.9306641,10.33,2021.2,469.8,4962.6,3373.1,842,120.17,152.5,2.7056
1973M08,13.75,132.5,115,64.75,42.5,619.498291,10.33,2123,447.5,5004.5,3373.1,914,106.76,152.5,2.6365
1973M09,13.75,132.5,115,64.75,42.5,604.065918,10.33,1936.1,444.7,5011.1,3373.1,976,102.97,155.24,2.6751
1973M10,13.75,132.5,115,64.75,42.5,621.7028809,10.33,2065.3,471.6,5359.4,3373.1,1163,100.08,160.5,2.8856
1973M11,13.75,132.5,115,64.75,42.5,650.362793,10.33,2273,490,5573.3,3373.1,1625,94.92,160.5,2.8599
1973M12,13.75,132.5,115,64.75,42.5,632.7258301,10.33,2244.3,593.5,6461.7,3373.1,1623,106.72,160.5,3.1367
1974M01,42,215,180,285.75,53,604.065918,13.38,2032.4,565.7,6503.6,3571.5,1330,129.19,162.68,3.63695
1974M02,42,232.5,220,285.75,55,619.498291,13.38,2291.7,649.2,7418.5,3571.5,1516,150.13,172.5,5.35895
1974M03,42,262.5,242,285.75,55,687.8415527,13.38,2743.4,708.3,8218.8,3571.5,1630,168.42,172.5,5.32552
1974M04,42,293.8,281,285.75,55,751.7753906,13.38,3031.8,702,9206.5,3571.5,1743,172.24,172.5,5.03595
1974M05,42,301.3,294,285.75,55,765.0031738,13.38,2875.7,668.7,9305.7,3571.5,1782,163.27,174.55,5.43182
1974M06,63,339.5,336,285.75,57,756.1845703,13.38,2440,570.1,9041.1,3571.5,1410,154.1,195,4.8961
1974M07,63,358.1,341,285.75,58,760.5939941,13.38,1919.1,548.5,8547.3,4079,1097,142.98,195,4.41545
1974M08,63,365,337,285.75,62,848.7788086,13.38,1802.9,549.6,8787.6,4079,1066,154.64,195,4.43136
1974M09,63,405,361,285.75,66,837.7556152,13.38,1460.5,539.3,9166.8,4079,911,151.75,195,4.04875
1974M10,63,405,355,285.75,70,844.3693848,13.38,1398.8,537.3,7409.7,4079,825,158.78,195,4.82977
1974M11,65,405,355,285.75,70,842.1647949,13.38,1416.7,534.2,7403.1,4079,794,181.66,195,4.69389
1974M12,64.25,408.75,341,285.75,70,859.8017578,13.38,1289,534.2,7202.5,4079,771,183.78,195,4.39125
1975M01,68,396,335,168,70,895.0756836,17.3,1211.2,538.4,7676.5,4431,799,176.27,195,4.1925
1975M02,68,383,320,168,70,908.3034668,17.3,1266.5,541.2,7557.4,4431,794,179.6,180.53,4.37
1975M03,68,363,297,168,88,917.1218262,17.3,1344.2,542.8,7383.3,4431,803,178.16,175,4.3315
1975M04,68,307,249,168,88,897.2802734,17.3,1329.2,479.5,7129.7,4431,783,169.84,163.06,4.20918
1975M05,68,242,206,168,89,903.8942871,17.3,1253.8,356.9,6898.3,4431,747,167.39,160,4.5381
1975M06,68,194,172,168,88,903.8942871,17.3,1193,353.4,6926.9,4431,751,164.24,160,4.48914
1975M07,68,181,158,168,85,864.2109375,17.3,1222.4,359.3,6810.1,4431,707,165.17,162.73,4.70455
1975M08,68,185,158,168,85,837.7556152,17.3,1277.1,383.6,6774.8,4431,737,163,175,4.9251
1975M09,68,192,158,168,84,826.7324219,17.3,1210.1,370,6558.7,4852,724,144.17,175,4.51595
1975M10,68,162,131,168,78,815.7094727,17.3,1178.8,344.6,6347.1,4852,706,142.79,172.17,4.32886
1975M11,68,150,123,168,76,813.5048828,17.3,1179.7,337.3,6281,4852,705,142.42,160,4.33244
1975M12,58,155,123,168,75,837.7556152,17.3,1151,333.1,6175.1,4852,686,139.3,160,4.08486
1976M01,40,130,105,82,70,853.1879883,22.72,1193,337,6241.3,4850,692,131.05,160,4.06265
1976M02,40,125,98,82,56,850.9833984,22.72,1219,348,6508,4850,690,131.06,160,4.08642
1976M03,35,126,98,82,56,815.7094727,22.72,1329,384,6902.7,4850,728,132.76,160,4.18913
1976M04,35,113,90,82,55,820.1186523,22.72,1510,454,7123.1,4850,789,127.94,160,4.35552
1976M05,35,104,80,82,53,824.527832,22.72,1512,483,7449.4,4850,774,126.92,160,4.48845
1976M06,35,100,80,82,53,804.6862793,22.72,1550,476,7766.9,4850,750,125.71,163.54,4.81173
1976M07,35,120,85,82,55,903.8942871,22.72,1647,509,8496.6,4850,776,117.73,171.12,4.7606
1976M08,35,125,93,82,53,939.1682129,22.72,1539,483,8084.3,4850,741,109.93,156.15,4.2766
1976M09,35,140,100,82,53,996.4882813,22.72,1459,481,7960.9,4938,712,114.15,158.24,4.3035
1976M10,35,128,93,82,55,947.9865723,22.72,1285,465,7971.9,5313,639,116.15,157.9,4.2195
1976M11,35,115,86,82,54,947.9865723,22.72,1279,459,8121.8,5313,604,130.46,156.83,4.3533
1976M12,35,113,83,82,53,974.4421387,22.72,1287,478,8399.6,5313,642,133.93,151.99,4.3601
1977M01,140,130,95,115,54.5,1058.217529,23.06,1396,560,9486.5,5313,692,132.26,154.55,4.4192
1977M02,142.5,133,95,100.5,54.5,1078.059082,23.06,1426,648,10227.2,5313,703,136.24,161.27,4.5325
1977M03,123.5,137,99,100.5,54.5,1082.468506,23.06,1515,703,10372.7,5313,719,148.23,162.99,4.8653
1977M04,44,134,98,109.5,54.5,1082.468506,23.06,1429,648,9596.7,5187,655,149.17,160.74,4.79
1977M05,44,129,92,116.1,54.3,1082.468506,23.06,1371,661,9843.6,5282,611,146.61,156.55,4.6998
1977M06,40.75,133,96,120,55,1102.310059,23.06,1312,567,9627.6,5313,542,140.78,150.36,4.4815
1977M07,37.5,133,95,123.125,55,1170.65332,23.06,1248,562,10416.8,5313,542,143.39,149.57,4.5323
1977M08,31.2,143,104,129.6,55.1,1183.880859,23.06,1160,551,11309.7,5313,520,144.94,148.86,4.4732
1977M09,34.5,148,108,132.5,56.625,1183.880859,23.06,1195,582,11157.6,5313,518,149.53,150.33,4.538
1977M10,34.5,138,107,131,57.5,1203.722412,23.06,1210,615,12153.8,4586,511,158.95,157.62,4.7586
1977M11,34.5,123,93,137,56,1236.791748,23.06,1182,633,12676.6,4586,525,162.1,169.67,4.8258
1977M12,34.5,128,93,134.3333333,56,1261.042725,23.06,1261,686,12784.6,4586,538,160.45,177.35,4.7168
1978M01,28,138,98,133,56,1316.158203,21.45,1261,664,12121,4586,518,173.18,201.73,4.9238
1978M02,28,138,93,134.75,56,1320.567383,21.45,1217,582,12149.7,4586,478,178.14,224.41,4.9607
1978M03,28,137,97,134.5,56,1298.52124,21.45,1254,582,11422.1,4586,507,183.61,226.78,5.2731
1978M04,31.375,131,97,134,56,1258.838135,21.45,1285,573,11005.5,4696,553,175.28,214.09,5.1672
1978M05,32.5,128,93,130.8,56,1236.791748,21.45,1303,545,11704.3,4696,562,176.31,232.73,5.1337
1978M06,32.5,130,92,132.5,56,1247.814941,21.45,1333,570,12356.9,4645,578,183.75,244.96,5.3288
1978M07,32.5,137,95,142,57,1289.702637,21.45,1337,582,12414.2,4586,584,188.73,245.64,5.3613
1978M08,32.5,143,102,142.5,58.5,1320.567383,21.45,1426,639,12994.5,4586,618,206.3,267.35,5.5361
1978M09,32.5,151.5,105.5,134.625,63.125,1382.296631,21.45,1442,693,13889.1,4586,634,212.08,269.34,5.5884
1978M10,32.5,151.5,105.5,132,63.5,1424.625488,21.45,1506,830,15256,4586,713,227.44,331.83,5.9447
1978M11,32.5,151.5,101,140.75,65,1394.422119,21.45,1481,824,15035.5,4586,695,206.2,328.51,5.8724
1978M12,32.5,141.5,97.5,141,65,1408.752197,21.45,1533,859,14153.7,4586,687,207.85,340.44,5.935
1979M01,32.5,153,109.5,143,65,1264.756348,23.5,1659,992,13853.8,4586,720,227.28,358.47,6.2027
1979M02,32.5,157.5,116.5,143,64.5,1441.910156,23.5,1944,1055,14526.2,4546,793,245.67,410.41,7.3494
1979M03,32.5,162.5,132,131.875,65.5,1541.690918,23.5,2050,1177,15022.3,4819,795,242.05,397.76,7.4159
1979M04,32.5,164,134.2,135,70,1569.186279,23.5,2100,1161,15136.9,5379,789,239.11,391.16,7.4371
1979M05,32.5,162,130.5,141.75,70,1576.082275,23.5,1926,1239,15361.8,5968,778,257.59,430.39,8.376
1979M06,32.5,175.5,131.5,148.5,71.25,1596.55957,23.5,1877.9,1382,16135.6,6519,754,279.07,430.29,8.5596
1979M07,35.75,187.5,141.5,155.4,77,1534.468018,23.5,1814,1272,15780.7,6614,722,294.74,411.79,9.0545
1979M08,39,207.5,151.5,160,79,1561.894287,23.5,1976.4,1213,14793,6614,665,300.82,394.34,9.3067
1979M09,39,215,153,163.75,80.125,1615.608887,23.5,2095.9,1231,15399.3,6614,724,354.95,462.93,13.7593
1979M10,39,247.5,177.5,167.5,83.5,1786.220215,23.5,2075.9,1319,16012.2,6614,707,391.66,519.87,16.6331
1979M11,39,242,187,170,83.5,1832.547363,23.5,2090,1225,16360.5,6614,702,391.99,505.64,16.6502
1979M12,39,246,190,176.25,108.25,1913.494385,23.5,2214,1233,16986.6,6945,751,455.08,600.53,22.4504
1980M01,39,257,197.5,187.5,106.5,2054.860107,28.09,2601,1118,17013,6584.8,774,675.31,806.79,38.8756
1980M02,39,257.5,195,187.5,106.5,2131.008545,28.09,2918,1168,17100.4,6978.9,870,665.32,882.31,35.2435
1980M03,42,260.5,200,187.5,106.5,1978.378906,28.09,2306,1121,17470.3,6733.8,743,553.58,746.54,24.73
1980M04,54,202.5,182.5,196.25,106.5,1932.455566,28.09,2070,969,17017.2,6233.3,708,517.41,589.06,14.9487
1980M05,54,211,171,205,106.5,1775.803711,28.09,2037,772,17041.7,6000.8,691.5,513.8,559.65,12.6761
1980M06,44,212.5,170,205,106.5,1668.960449,28.09,2006,739,17223.9,6294.9,678.1,600.72,641.84,15.7834
1980M07,44,215,173,205,106.5,1758.074951,28.09,2176,811,17090.8,6622.2,714,643.27,670.35,16.322
1980M08,44,215,167.5,205,106.5,1783.627197,28.09,2082.1,853,17018.4,6584.5,769,627.15,644.24,15.9418
1980M09,44,205,165,207,106.5,1655.065674,28.09,2060,883,17308.3,6655.3,796,673.63,695.88,19.8868
1980M10,44,202.5,164.5,207,106.5,1626.1521,28.09,2040,879,16692.1,6691.9,805,661.15,675.6,20.2004
1980M11,44,214,175.5,207,106.5,1503.910156,28.09,2010,813,15615.5,6452.7,802,624.77,632.6,18.5823
1980M12,44,214,201.5,207,106.5,1430.656738,28.09,1879,743,14707,6391,784,538.26,604.34,16.4618
1981M01,44,227.5,202.5,207,115,1430.82959,28.09,1869.1,705.3,14332.7,6403.8,777.4,557.39,536.01,14.7885
1981M02,44,226,204.5,242.5,115,1452.381104,28.09,1801,689.3,13633.4,6370.7,731,499.76,479.69,13.0646
1981M03,44,207.5,187.5,242.5,115,1442.951904,28.09,1818,729.7,13633,6292.4,751,499.11,490.88,12.3407
1981M04,47.5,193,177.5,135,70,1369.234619,28.09,1821,758.7,13365,6307,824,495.8,481.17,11.4736
1981M05,51,195.5,161,215,115,1296.99585,28.09,1742,696.9,12663.5,6352.2,851,479.7,461.92,10.8502
1981M06,51,190,157.5,215,115,1232.406738,28.09,1700,712.1,12603.5,6169.4,840,461.09,443.42,9.9981
1981M07,51,177.5,146.5,180,116.5,1175.311279,28.09,1681.9,784.3,13358,6150.2,865.1,409.07,406.71,8.5812
1981M08,51,179.5,137.5,160,116.5,1230.828857,28.09,1787,824,14485,5999.2,955,410.16,417.6,8.9159
1981M09,51,130,139,160,116.5,1168.911133,28.09,1710.4,763.6,14935.1,5579,939.2,443.75,435.61,10.0502
1981M10,51,122.5,133.5,160,116.5,1140.181641,28.09,1666.3,716.5,15112.6,5216.8,891.7,437.76,420.25,9.2282
1981M11,51,145,146.5,136.5,116.5,1081.846436,28.09,1651.4,666,15836.2,5100.2,876.9,413.37,397.07,8.5389
1981M12,51,137.5,142.5,136.5,94.5,1130.884277,28.09,1655.3,674.3,15951.5,5496.1,845.5,410.09,399.45,8.4481
1982M01,51,135,155,112.5,94.5,1113.3,32.5,1610.6,648.2,16133.1,5628.8,818.5,384.14,369.59,7.9881
1982M02,51,190,157.5,130,94.5,1087.7,32.5,1598,618,15992.6,5716.8,822.9,374.13,359.63,8.2848
1982M03,51,190,140,130,94.5,1029.2,32.5,1510.4,612.5,12766.3,5653.3,789.7,330.25,317.62,7.2327
1982M04,51,168.5,135.5,122.5,94.5,996.2,32.5,1521.7,574.7,12618.1,5394,742.5,350.3,337.93,7.3087
1982M05,48.4,166,138.5,122.5,90,973.3,32.5,1527.7,574.7,12735.9,5211.9,750.2,333.71,310.39,6.6834
1982M06,44.5,167,133,122.5,75,918.8,32.5,1300,520.7,11087,5186.6,691.9,314.98,276.26,5.5616
1982M07,37.375,168,133.5,122.5,77.5,957.8,32.5,1440.9,552.4,11316.6,5068.6,726.9,338.97,287.97,6.4626
1982M08,35,165.5,135.5,125,77.5,958.9,32.5,1451.5,522.9,12195.7,4953.1,715.5,364.23,296.81,7.1078
1982M09,35,167,135,125,77,959.5,32.5,1426.5,515.3,12675.7,4310.3,749.5,437.31,334.13,8.7818
1982M10,35,163.5,134,127.5,79,951.5,32.5,1461,497.4,12413.8,3916.5,751.3,422.15,334.54,9.3875
1982M11,35,160.5,131.5,127.5,72.5,965.2,32.5,1443.8,462.4,11981.9,3433.7,710,414.89,345.91,9.7906
1982M12,41.25,158.5,132,120,72.5,987.4,32.5,1473.2,448,11992.9,3576.3,668.5,444.5,368.72,10.5691
1983M01,47.5,150.5,137.5,124.5,75,1076.5,29,1571.9,475.3,12082.6,3797,699.1,481.29,452.85,12.339
1983M02,47.5,164,134.5,124.5,75.5,1230.4,29,1647.4,454.5,13034.2,4228.2,681.4,491.09,464.51,13.9756
1983M03,47.5,179.5,145,120,75.5,1301.8,29,1597.7,443.3,13426,4831.9,678.4,419.7,401.06,10.6403
1983M04,47.5,180.5,136,109,75.5,1363.6,29,1674.9,457.6,13792.8,4817.8,697.5,432.88,413.68,11.6129
1983M05,43,171.5,132.5,101.5,75.5,1453.4,29,1765.7,433.1,13522.9,5031.6,735.6,438.01,448.52,12.9162
1983M06,41.125,158.5,127.5,120,73,1465.6,29,1701.2,408.1,13354,4883.2,718.4,412.84,422.37,11.739
1983M07,37.25,157.5,128,109,73,1520.2,29,1704.3,403.3,13193,4804.1,739.8,402.91,433.27,12.0293
1983M08,34,154.5,122.5,110.5,73,1603.6,29,1639.8,398,12826,4852.8,808.9,416.2,435.56,12.0626
1983M09,34,160,124.5,110.5,73,1613.7,29,1560.7,404.7,12755.3,4910.6,837.8,411.8,431.11,11.9562
1983M10,34,174,145,114,73,1566.3,29,1435.2,419.4,12750.8,4674.2,859,393.6,395.87,9.8867
1983M11,32.75,188.5,140.5,115.5,75.5,1516.8,29,1389.1,404.7,12772.5,4585.2,859.1,381.7,387.67,8.8122
1983M12,31.5,190,142.5,115.5,75.5,1549.3,29,1415.2,402.1,12345.5,4657,857,388.34,393.22,9.1454
1984M01,31.5,191.5,142.5,116.5,82.5,1548.9,26.15,1375.7,397.5,12117.8,4670.5,957.8,370.89,376.25,8.2538
1984M02,31.5,204,142.5,118,82.5,1491.2,26.15,1429.8,404.5,12297.7,4639.8,998.4,385.96,391.23,9.1182
1984M03,31.5,201,132.5,141,82.5,1455.8,26.15,1501.2,459.5,12406.1,4780.7,1040.6,394.26,398.43,9.648
1984M04,31.5,198.5,125,127.5,81,1370.3,26.15,1532.6,481.7,12445,4911.5,1004.1,381.37,391.62,9.2472
1984M05,31.5,171.5,116,147.5,81,1289.1,26.15,1420.9,453.1,12582.8,4811.4,1001.3,377.4,387.86,8.9676
1984M06,31.5,156,120,155,81,1275,26.15,1366.5,484.3,12662.2,4773.2,941.5,377.7,381.55,8.7721
1984M07,33.8,163.5,132.5,162.5,86.5,1162.8,26.15,1330.8,493.6,12438.7,4640.3,853.6,347.71,343.32,7.4553
1984M08,33.5,170.5,137.5,165,86.5,1135.8,26.15,1337.5,467.4,12302.2,4736,834.1,347.7,339.78,7.5974
1984M09,33.5,168,137.5,165,86.5,1012.1,26.15,1293.6,401.6,12091.1,4705.5,873.3,340.2,326.7,7.2533
1984M10,35,166,137.5,172,86.5,1027.9,26.15,1273,412,11744.9,4750.3,843.7,341,324.34,7.2903
1984M11,36,160.5,127.5,166,86.5,1151.8,26.15,1345.1,440.5,11991.2,4748.3,855.1,342,328.49,7.4896
1984M12,36,156.5,124,166,86.5,1095.2,26.15,1321.1,415.6,11722.2,4859,859.7,319.54,304.13,6.6355
1985M01,36,158.5,117.5,168.5,86.5,1075.4,26.56,1359.1,420.5,11073.4,4947.2,867.1,302.79,274.39,6.0992
1985M02,36,156,113.5,168.5,87,1098.2,26.56,1388.5,368.2,10946,5050.8,886.6,299.1,269.4,6.0628
1985M03,36,179.5,114,105,75.5,1095.3,26.56,1389.9,352,11210.6,5211.7,920.9,313.5,260.76,5.994
1985M04,36,179.5,116,107.5,75.5,1106.3,26.56,1501.8,389.6,11806.4,5489.5,931.3,326.8,282.72,6.4446
1985M05,36,154,116,127.5,87,1105.2,26.56,1530.6,376,11909.8,5604.1,881.3,316,272.38,6.2688
1985M06,36,151.5,112,112.5,87,1032.2,26.56,1432.4,389.4,12385.8,5553.4,808,316.5,267.8,6.1771
1985M07,36,151,114.5,109.5,87,1011.6,26.56,1474.6,403.1,12755.8,5090.5,766.8,317.2,268.91,5.9997
1985M08,36,155.5,122.5,97.5,87,1019.3,26.56,1420.2,413.6,12647.2,4907.5,735.1,330.4,307.8,6.1511
1985M09,36,154,126,87.5,81.5,985.1,26.56,1366.4,400.4,12325.2,4570.2,689.5,323.35,311.15,6.0549
1985M10,36,151,132.5,80.5,81.5,970.5,26.56,1384.7,393.4,12391.1,4239.5,631.9,325.85,323.46,6.1766
1985M11,36,149,135,87.5,81.5,950.4,26.56,1369.5,394.2,9903.2,4034.5,597.5,321.5,334.4,6.1018
1985M12,36,146.5,137,87.5,81.5,1039.2,26.56,1390.9,389.9,9114,4089.6,685.3,321.9,336.82,5.8522
1986M01,36,145.5,133,82.5,81.5,1119.24,26.26,1418.3,368.4,7910,4034.5,644,347.48,363.76,6.0164
1986M02,36,143,134.5,77,80,1114.85,26.26,1405.5,367.3,7922.9,3988.2,608.7,338.89,376.04,5.8588
1986M03,36,148,139,77,80,1168.01,26.26,1445.1,367.2,7313.6,4122.6,625.7,345.7,413.64,5.6226
1986M04,36,149,140,72.5,75,1164.44,26.26,1434.6,369.5,5686.1,3999.2,659.9,340.44,418.39,5.188
1986M05,36,148,127,72.5,75,1164.3,26.26,1418.74,376.5,5474.2,4043.3,707.3,342.4,413.62,5.0728
1986M06,36,140.5,118.5,72.5,75,1183.04,26.26,1413.14,418.4,5378.3,4087.4,804.2,342.7,432.49,5.1321
1986M07,36,135.5,110.5,67.5,72.5,1123.06,26.26,1344.3,379.8,5386.6,3911,807.1,348.34,438.8,5.0259
1986M08,36,135.5,108,71,72.5,1129.23,26.26,1303.1,392.2,5404.3,3807.4,816,376.66,540.33,5.1823
1986M09,36,129.5,111,65,66.5,1205.82,26.26,1347,407.2,5397.2,3723.6,871.1,417.73,604.48,5.6299
1986M10,36,134.5,116,62.5,66.5,1161.94,26.26,1316.8,434.6,5542.8,3644.2,886.2,423.51,581.25,5.6398
1986M11,36,127,108,64.5,65.5,1131.81,26.26,1303.2,473.4,6092.3,3642,820,397.56,517.07,5.5513
1986M12,36,122,108.5,64.5,65.5,1133.48,26.26,1335.6,518.4,6428.1,3571.5,798.2,390.92,480.61,5.3504
1987M01,36,140,113.5,64,63,1171.4,25.3,1346,464.1,6712.7,3525.2,759.7,408.26,515.97,5.507
1987M02,36,161,126.5,68,61.5,1283.44,25.3,1379.83,460.4,6688.4,3717,740.4,401.12,517.86,5.4842
1987M03,36,165,131,70.5,61.5,1367.26,25.3,1465.72,487,6631.5,3772.1,731.6,408.91,532.63,5.6644
1987M04,34.5,157.5,132.5,77.5,61.5,1400.97,25.3,1484.24,555.6,6699.8,3897.8,761.9,438.35,585.65,7.3495
1987M05,34.5,151.5,132.5,87.5,61.5,1411.6,25.3,1520.44,693.3,6747.4,4435.7,838.7,460.23,606.73,8.4602
1987M06,34.5,149,139.5,87.5,61.5,1472.33,25.3,1571.87,629.3,6610.4,4435.7,878.4,449.59,569,7.4164
1987M07,34.5,159.5,146.5,87.5,70,1653.09,25.3,1694.62,663.6,6404.9,4753.2,829.8,450.52,572.35,7.6087
1987M08,34.5,167,152.5,85,70,1810.37,25.3,1756.31,659.3,6556.1,5306.5,804.1,461.15,609.92,7.8424
1987M09,33.25,167.5,149.5,85,70,1746.28,25.3,1811.01,646.8,6406.3,5333,756.7,460.38,590,7.6064
1987M10,32,163,145.5,92.5,73,1962.66,25.3,1967.2,601.4,6763.8,5692.3,769.9,465.35,568.05,7.6074
1987M11,32,165,144,92.5,73,1681,25.3,2523.9,642.2,6927.3,5937,848,467.57,500.3,6.762
1987M12,32,174,142.5,92.5,81,1823.93,25.3,2868.9,659.1,6829.4,7661.1,866.3,486.24,500.22,6.8125
1988M01,32,189,154.5,92.5,82,2002.46,24.3,2663.2,666.8,6808.1,8073.3,878.5,476.58,494.07,6.7446
1988M02,32,194.5,153.5,97.5,83,2138.02,24.3,2330.2,655.7,6690.1,8666.9,876.4,442.07,458.51,6.3414
1988M03,32,189,154,105,83,2526.41,24.3,2359.3,648.7,6772.9,15496.8,981.9,443.61,496.38,6.4105
1988M04,32,194.5,154,97.5,83,2508.35,24.3,2286.3,649.4,6752.6,18011.8,1069.2,451.55,526.98,6.4803
1988M05,32,175.5,154,110,84.5,2988.16,24.3,2447.99,668.3,6777.6,17025,1176.7,451.07,548.84,6.5404
1988M06,32,166.5,157.5,110,84.5,3577.86,24.3,2540.27,677.5,7035.8,15589.8,1365.3,451.33,579.63,7.0155
1988M07,32,177,157.5,110,84.5,2582.05,24.3,2213.51,619.3,7148.8,14591.3,1237.4,437.63,548.64,7.0412
1988M08,31.2,176.5,161.5,130,93,2701.14,24.3,2200.68,601.6,7322.7,14187,1309.2,431.28,532.88,6.7131
1988M09,31,173.5,162,130,90,2387.12,24.3,2435.53,609.8,7408.5,11878.4,1330.3,413.46,512.57,6.3781
1988M10,31,174.5,164,130,91.5,2309.49,24.3,2939.51,655.2,7252.7,11557.5,1519.9,406.78,525.73,6.2812
1988M11,31,173,164,130,91.5,2381.76,24.3,3304.66,691.4,7312.4,13342,1559,420.17,575.78,6.2947
1988M12,31,178.5,164,120,91.5,2502.65,24.3,3498.91,731,7337.4,16920,1594.3,419.05,564.11,6.1245
1989M01,31,181,164,120,91.5,2397.55,27.83,3394.06,675.7,7409.6,17725,1734,404.01,526.93,5.995
1989M02,31,178.5,164,120,101.5,2183.05,27.83,3096.92,621.6,7873.7,18523.8,1932.4,387.51,531.94,5.8847
1989M03,31,176.5,158,120,100.5,2073.71,27.83,3264.14,589.2,8760.5,17157.1,1961.6,390.15,538.03,5.9592
1989M04,31,167.5,156.5,113.5,98.5,2125.75,27.83,3117.91,608.1,10195.9,15261.3,1656.4,384.4,537.67,5.7926
1989M05,31,152.5,149,113.5,98.5,2259.31,27.83,2738.98,643.4,10143.7,13454.2,1628.4,371.05,516.75,5.4531
1989M06,31,142.5,140.5,113.5,98.5,1914.16,27.83,2546.01,666.1,9935.5,12142.6,1539,367.6,497.35,5.2707
1989M07,31,137.5,140.5,113.5,98.5,1755.93,27.83,2505,691.6,9605.2,12275,1616.9,375.04,501.91,5.2167
1989M08,31,144,136.5,82.5,98.5,1798.32,27.83,2762.2,702.3,8715.6,12909.7,1730.4,365.14,484.64,5.1823
1989M09,31,156,136.5,82.5,98.5,1717.93,27.83,2884.4,728.1,8269.7,11222.1,1628.9,361.75,477.67,5.1338
1989M10,31,148,130.5,72.5,98.5,1820.02,27.83,2861.4,751.8,7922.4,10424.9,1584.6,366.88,485.82,5.1449
1989M11,31,142,126,86,98.5,1736.09,27.83,2591.3,692.8,6837.3,9793.2,1437.6,394.26,510.19,5.4833
1989M12,31,137.5,126,98,98.5,1633.26,27.83,2418.6,711,6744.1,8809.2,1455,409.39,506.81,5.5688
1990M01,31,138.5,109.5,104.5,98.5,1528.25,32.5,2366.64,707.8,6592,7055.9,1297,410.11,497.66,5.2462
1990M02,31,139.75,112,106.25,98.5,1454.28,32.5,2360.16,779.8,6156.1,6976.9,1396.8,416.81,516.1,5.2893
1990M03,31,146,112,111,97.375,1567.39,32.5,2625.61,1062.3,6270.5,9266.8,1607.4,393.06,497.06,5.0766
1990M04,31,155.2,127.5,111,93.2,1525.55,32.5,2686.15,836.1,6390.9,8939.5,1685.6,374.24,478.15,5.0655
1990M05,31,149.125,127.5,107,93.5,1526.93,32.5,2741.95,825.6,6324.6,8698,1774.6,369.05,488.55,5.0791
1990M06,31.5,152.75,130,107,93.5,1565.79,32.5,2584.56,838,6096,8422.1,1714.8,352.33,481.11,4.9182
1990M07,31.5,160.7,131,107,93.5,1570.96,32.5,2769.49,875.4,5924.4,9318.2,1637,362.53,478.79,4.8749
1990M08,31.5,160.5,135.6,114.875,93.5,1782.02,32.5,2957.03,876.1,5905.2,10957.4,1615.1,394.73,492.73,5.008
1990M09,31.5,165.875,144.25,90.625,93.5,2066.53,32.5,3031.37,838.5,5707,10844,1537.5,389.32,461.66,4.8038
1990M10,31.5,165.7,149.5,136.5,93.5,1945.7,32.5,2743.56,760.9,6061.4,9145.4,1352.6,380.74,424.95,4.3891
1990M11,31.5,163.375,152.5,144.5,93.5,1617.5,32.5,2585.89,701.2,5981.3,8587.4,1277.7,381.73,422.24,4.1729
1990M12,31.5,158.625,150.5,147.5,93.5,1522.44,32.5,2485.38,624.8,5615.2,8157.6,1265.4,376.95,420.07,4.0751
1991M01,31.5,157.375,152.5,151,93.5,1515.18,34.76,2448.52,600.4,5623.2,8568.8,1206.2,383.64,407.84,4.0517
1991M02,31.5,160.625,152.5,151,95.625,1504.6,34.76,2449.38,593.8,5583.7,8672.3,1188.1,363.83,386.79,3.7376
1991M03,31.5,163.625,147.5,145,95.625,1496,34.76,2409.63,603,5517.4,8700.8,1198.6,363.34,399.99,3.9428
1991M04,31.5,166,143.25,143.5,108,1391.86,34.76,2472.04,600.9,5560,9021,1252.9,358.38,396.88,3.9755
1991M05,31.5,165.25,130.6,138.5,112,1296.05,34.76,2305.88,555.2,5701.7,8452.4,1090.9,356.95,389.64,4.0462
1991M06,31.5,159.25,129.5,135.5,112,1275.15,34.76,2219.28,549.4,5710.6,8280,1061.6,366.72,376.05,4.3898
1991M07,31.5,163.5,131,132.5,110.4,1296.78,34.76,2236.28,548.1,5669.6,8541.3,1063.1,367.69,376.03,4.3475
1991M08,31.5,161.875,127,132.5,110,1256.45,34.76,2233.19,540.2,5638.8,8144.7,1046.3,356.31,346.35,3.9573
1991M09,31.5,159.5,122.5,132.5,110,1211.81,34.76,2324.57,539.8,5570.3,7680.7,1023.2,348.74,349.34,4.0375
1991M10,31.5,155,121.1,132.5,110,1150.03,34.76,2363.64,522.3,5549.6,7443,991.7,358.69,362.48,4.1154
1991M11,31.5,143.5,120,134.375,110,1134.8,34.76,2379.84,506.2,5505.5,7244.6,1093.3,360.17,365.11,4.0723
1991M12,31.5,143.5,120,131.875,110,1097.55,34.76,2223.14,532.1,5510.1,7117.8,1188,361.73,353.3,3.9427
1992M01,31.5,145.25,120,122.5,110,1177.07,33.1,2139.23,514.9,5476.9,7517.3,1153.7,354.45,341.19,4.11
1992M02,31.5,147.875,120,120.625,110,1266.83,33.1,2205.97,505,5615.7,7861.9,1130.7,353.91,362.12,4.1457
1992M03,31.5,144.8,120,120,110,1280.47,33.1,2227.33,521.2,5632,7417.7,1214.6,344.34,356.94,4.1101
1992M04,31.5,142.75,120.2,120,110,1317.05,33.1,2215.33,532.8,5838.9,7420.6,1304.3,338.62,347.3,4.0505
1992M05,31.5,140.5,120.5,120,110,1306.79,33.1,2216.52,520.3,6121.1,7326.8,1372.9,337.24,358.59,4.0715
1992M06,31.5,143.5,120.5,120,110,1275.55,33.1,2299.2,548.1,6618.8,7192.8,1385.2,340.81,369.13,4.0639
1992M07,31.5,146,120.5,120,110,1313.05,33.1,2520.32,626.1,6989.4,7497.9,1320.2,352.72,383.12,3.9675
1992M08,31.5,131.4,120.75,120,113.6,1305.05,33.1,2521.64,654.5,6780.4,7268,1360.4,343.06,359.55,3.8123
1992M09,31.5,131.25,121.5,120,114.5,1269.61,33.1,2414.06,621.1,6643.2,6917.5,1366.9,345.43,362.14,3.7719
1992M10,31.5,130.125,121.5,116.875,114.5,1173.78,33.1,2249.15,537.4,6016.7,6305.3,1163.6,344.38,358.07,3.7525
1992M11,31.5,126.4,121.5,107.5,114.5,1159.05,33.1,2158.32,460.4,5723,5564.88,1046.9,335.02,356.11,3.771
1992M12,31.5,124.625,121.88,103.75,114,1207.1,33.1,2206.82,454.6,5756.2,5724.07,1057.9,334.82,361.97,3.7252
1993M01,31.5,123.75,121.88,102.5,113,1206.76,29.09,2256.85,436.5,5900.9,5930.93,1061.1,329.01,359.14,3.6835
1993M02,31.5,120.25,121.5,102.5,112.5,1201.85,29.09,2212.6,414,5790.9,6038.68,1072.1,329.31,359.02,3.6555
1993M03,31.5,115.1,111,86.2,112.5,1151.33,29.09,2152.59,405.9,5659.4,5971.3,996.1,330.08,350.46,3.647
1993M04,31.5,112.75,109.6,81,112.5,1108.53,29.09,1949.88,420.7,5590.9,5972.33,1004.6,342.15,368.01,3.9516
1993M05,31.5,115.1,107.5,81,112.5,1123.96,29.09,1794.5,407.2,5503.5,5762.55,980.4,367.18,385.16,4.464
1993M06,31.5,113.875,105.5,81,112.5,1165.3,29.09,1853.42,393.9,5112.7,5532.43,926,371.89,383.02,4.3757
1993M07,31.5,112.875,105.1,81,112.5,1202.13,29.09,1927.16,388.2,4972.6,5036.2,927.6,392.19,403.65,5.0194
1993M08,31.5,113.1,107.5,81,112.5,1172.14,29.09,1947.45,388.4,4809.3,4721.81,884,378.84,391.9,4.8377
1993M09,31.5,116.875,107.5,81,112.5,1115.38,29.09,1861.86,375.7,4493.6,4352.89,874.2,355.28,362.46,4.2185
1993M10,31.5,129.5,111.25,81,112.5,1087.1,29.09,1646.4,384.3,4681.1,4448.9,914.9,364.18,367.91,4.343
1993M11,31.5,140.4,112.5,82.8,112.5,1039.81,29.09,1630.02,400.3,4640.9,4633.89,928.4,373.83,374.41,4.5332
1993M12,31.5,150.375,122.5,85.5,112.5,1094.3,29.09,1724.19,461.2,4777.9,5119.12,974.4,383.3,383.17,4.9717
1994M01,31.5,150,125,85.5,112.5,1174.59,26.47,1805.35,490.1,4942.8,5577.95,996.7,386.88,387.8,5.1458
1994M02,31.5,151.75,125.63,85.5,112.5,1269.93,26.47,1866.4,485.4,5443.4,5824.95,968.9,381.91,394.02,5.2473
1994M03,31.5,155.875,127.5,98.625,112.5,1289.03,26.47,1914.87,451.5,5405.4,5587.54,935.9,384.13,400.28,5.435
1994M04,31.5,162.25,130,103.5,112.5,1278.72,26.47,1881.82,439.9,5385.7,5407.97,923.6,377.27,397.9,5.352
1994M05,31.5,159.2,132.5,103.5,112.5,1322.59,26.47,2150.6,473.5,5504.4,6086.65,955.6,381.43,398.01,5.4195
1994M06,31.5,157.625,132.5,103.5,112.5,1400.58,26.47,2364.2,525.1,5509.2,6281.84,966.2,385.64,401.09,5.3876
1994M07,31.5,158.625,132.5,106.5,112.5,1492.42,26.47,2458.19,580.1,5311.2,6226.76,964,385.49,411.95,5.2823
1994M08,31.5,161.1,132.5,88,112.5,1455.36,26.47,2406.23,570.8,5161.5,5859.5,944.9,380.36,412.19,5.1972
1994M09,31.5,164,132.5,88,112.5,1569.22,26.47,2505.93,613.5,5321.1,6364.75,992.4,391.58,417.28,5.5237
1994M10,31.5,167.125,136.63,88,112.5,1698.05,26.47,2547.67,641.8,5473.6,6748.29,1058.5,389.77,419.4,5.4541
1994M11,33.5,165.875,139,88,112.5,1892.59,26.47,2802.45,667.2,6161.1,7556.14,1151.7,384.39,412.37,5.1924
1994M12,33.5,171.6666667,139,88,112.5,1878.31,26.47,2985.3,634.3,5946.8,8555.5,1114.3,379.29,410.85,4.7795
1995M01,33.5,188.2,142.38,159.6,112.5,2060.55,28.38,3008.93,666.6,6199.3,9592.55,1156.5,378.55,413.9,4.7731
1995M02,31.5,198.625,147.5,177.5,112.5,1916.15,28.38,2877.65,579.9,5478.3,8505.45,1032.2,376.64,413.97,4.7215
1995M03,31.5,205.625,147.5,191.25,112.5,1805.07,28.38,2924.04,585.6,5532.4,7531.91,1022.2,382.12,416.89,4.6485
1995M04,31.5,204.5,147.5,205,112.5,1849,28.38,2903.5,608.5,5872.1,7397.83,1061.4,391.03,448.29,5.4777
1995M05,31.5,197.8,147.5,159,112.5,1762.69,28.38,2773.31,596.5,5926.5,7232.19,1036.2,385.22,437.35,5.5598
1995M06,31.5,185.625,147.5,90,112.5,1780.05,28.38,2994.64,611.8,6670.7,7871.57,1009.6,387.56,438.53,5.3637
1995M07,33.5,180.8,147.5,90,112.5,1860.1,28.38,3075.67,621.9,6668.9,8596.57,1026.8,386.23,433.63,5.1648
1995M08,33.5,185.25,147.5,90,112.5,1888.32,28.38,3036.84,623.6,6992.3,8944.66,1014.4,383.67,425.34,5.3982
1995M09,33.5,192,147.5,90,112.5,1760.83,28.38,2915.52,592.7,6328.1,8405.21,986.2,383.06,429.65,5.4295
1995M10,33.5,204.8,150,90,112.5,1674.32,28.38,2813.55,639.1,6220.7,8061.73,979.1,383.14,412.66,5.3741
1995M11,33.5,224.875,160.7,90,112.5,1654.07,28.38,2977.36,713.6,6386.9,8505.91,1030.7,385.31,413.12,5.3151
1995M12,33.5,229.1666667,162.5,90,112.5,1656.74,28.38,2926.26,731.6,6289.5,8090.89,1018.1,387.44,408.71,5.1769
1996M01,33.5,226.3,162.5,90,112.5,1589.34,30,2616.41,709.5,6271.6,7862.05,1019.1,399.45,415.48,5.4605
1996M02,33.5,225.875,169.1,90,112.5,1591.55,30,2537.71,769.7,6195.5,8215.55,1035.8,404.76,420.21,5.6567
1996M03,33.5,221,173.5,90,112.5,1612.48,30,2561.02,817.9,6196.4,8021.74,1063.9,396.21,411.19,5.5241
1996M04,33.5,210.75,173.5,160.4,112.5,1587.23,30,2595.78,815,6480.9,8042.85,1045.4,392.85,404.39,5.4209
1996M05,33.5,186.125,173.5,169.5,112.5,1589.26,30,2658.26,840.2,6412.4,8026.55,1035.8,391.93,401.42,5.3652
1996M06,33.5,182.125,174.63,172.125,112.5,1482.48,30,2173.4,796.5,6191.9,7709.48,1008.5,385.27,392.25,5.1615
1996M07,32.9,188,175.63,184.5,112.5,1458.7,30,1985.57,783.7,6250.2,7203.65,1000.1,383.47,393.66,5.0653
1996M08,32.5,189.875,178.6,187,112.5,1463.36,30,2008.57,815.7,6110.2,7054.36,1006.9,387.35,400.03,5.1354
1996M09,32.5,186.7,181.5,181.4,112.5,1407.38,30,1941.45,796.4,6101.9,7318.05,1000.3,383.14,389.86,5.0388
1996M10,32.5,183.75,182.5,172.25,112.5,1336.34,30,1961.17,741.9,5941.9,7031.39,1003.1,381.07,384.18,4.9276
1996M11,32.5,188.25,182.5,172.625,112.5,1449.52,30,2230.86,716.6,5991.7,6943.38,1046.5,377.85,381.98,4.8332
1996M12,32.5,188.5,182.5,174.5,112.5,1500.29,30,2268.08,688.8,5836.3,6580.75,1036.3,369,370.7,4.8264
1997M01,32.5,188,181.9,173.5,112.5,1575.61,30.15,2434.93,692.3,5877.7,7071.55,1086.5,355.11,360.1,4.7747
1997M02,32.5,187.375,181,160.375,112.5,1580.01,30.15,2405.85,660.2,5883.2,7734.53,1179.4,346.58,365.01,5.0722
1997M03,32.5,187.4,181,148,112.5,1631.57,30.15,2421.29,694.6,5909.2,7895.87,1254.8,351.81,378.9,5.1962
1997M04,32.5,188.5,177.63,135,112.5,1561.44,30.15,2391.18,642.5,5713.3,7315.52,1240.4,344.47,371.08,4.7726
1997M05,32.5,188.5,170,113.125,112.5,1625.25,30.15,2514.33,618.6,5711.2,7482.85,1310.5,343.84,387.5,4.7496
1997M06,32.5,187,170,108.5,112.5,1567.55,30.15,2612.62,614.9,5566.1,7062.48,1354.2,340.76,430.76,4.7569
1997M07,32.5,186.875,168.2,112.5,112.5,1591.99,30.15,2450.46,634.3,5442.7,6835.5,1518,324.1,415.52,4.3724
1997M08,32.5,186.625,163.5,102.5,112.5,1710.58,30.15,2251.2,608.1,5428.4,6761.3,1653.5,324.01,424.55,4.4964
1997M09,32.5,186.6,163.5,88.3,112.5,1610.6,30.15,2107.3,634.3,5496.3,6503.84,1640.9,322.82,424.73,4.7319
1997M10,32.5,186,164.3,87.5,112.5,1607.86,30.15,2052.26,600.3,5561.3,6380.33,1280.1,324.87,423.12,5.0348
1997M11,32.5,185.5,169.38,90.625,112.5,1598.99,30.15,1917.45,563.4,5658,6139.5,1173,306.04,392.29,5.0779
1997M12,32.5,185.5,172.5,90,112.5,1530.51,30.15,1762.33,526.6,5513.8,5945.36,1102.2,288.74,365.42,5.8368
1998M01,32.5,184,172.5,86.25,112.5,1485.79,31,1688.45,531.6,5206.3,5491.75,1097.2,289.1,373.86,5.8871
1998M02,32.5,183.5,172.5,77.5,112.5,1465.56,31,1664.8,516.4,5242.5,5386.88,1044,297.49,386.08,6.8069
1998M03,32.5,183.5,172.5,84.5,112.5,1437.7,31,1747.98,559.8,5476.8,5395.8,1047.6,295.94,398.99,6.2429
1998M04,32.5,185,173.7,100,112.5,1418.16,31,1800.9,572.7,5714.8,5393.88,1097,308.29,413.75,6.341
1998M05,32.5,186.5,176.34,95,112.5,1364.72,31,1732.53,543.5,5874.7,5020,1061.1,299.1,388.9,5.575
1998M06,32.5,189.2,177.5,88.4,112.5,1307.24,31,1660.52,528.3,5970,4475.7,1009.8,292.32,355.43,5.263
1998M07,32.5,190.5,177.5,86,112.5,1309.21,31,1651.04,546.2,5653.7,4325.43,1040.3,292.87,378.43,5.4552
1998M08,32.5,190.5,175,85.5,112.5,1310.9,31,1620.93,536.7,5691.5,4080.63,1029.8,284.11,369.18,5.1792
1998M09,32.5,190.5,172.5,83.625,112.5,1342.27,31,1647.64,520.2,5485.7,4102.16,1000,288.98,361.15,4.9992
1998M10,32.5,189.625,171.55,75.625,112.5,1304.06,31,1586.39,492.8,5432.1,3871.93,940.5,295.93,342.6,5.0092
1998M11,32.5,186.7,167.5,70.7,112.5,1294.96,31,1573.95,494.2,5478.3,4131.91,967.1,294.12,347.18,4.9733
1998M12,32.5,182.8333333,167.5,65.5,112.5,1249.06,31,1473.57,501.3,5257.6,3878.21,959.2,291.68,351.79,4.8775
1999M01,32.5,181.75,166.38,64.5,112.5,1218.46,27.59,1431.18,492.3,5109.8,4268.75,932.8,287.08,355.11,5.1393
1999M02,41.125,181.625,163,64,112.5,1186.85,27.59,1410.78,513.7,5268.5,4626.38,1017.3,287.33,364.07,5.5306
1999M03,44,181.75,163,75.5,112.5,1181.59,27.59,1378.35,507.8,5360.2,5011.3,1030,285.96,369.93,5.1942
1999M04,44,180.5,163,64.5,112.5,1278.2,27.59,1466,519.3,5393,5102.63,1019,282.62,357.15,5.0603
1999M05,44,180.5,163,64.9,112.5,1323.46,27.59,1511.16,541.5,5649.2,5399.34,1040.3,276.44,356.01,5.2619
1999M06,44,180.5,161.75,63.75,112.5,1315.31,27.59,1422.48,496.1,5265.9,5195,1000.5,261.31,356.78,5.0269
1999M07,44,177,153.88,62.75,112.5,1403.76,27.59,1640,495.8,5230,5700.11,1072.1,256.08,349.06,5.1797
1999M08,44,172.4,151.25,65.7,112.5,1431.32,27.59,1647.62,503.1,5230.2,6448.69,1130.6,256.69,350.06,5.2603
1999M09,44,164.375,147.5,67.5,112.5,1492.48,27.59,1750.34,507.3,5342.5,7028.41,1193.8,264.74,370.93,5.2089
1999M10,44,157,145.13,65.375,112.5,1474.41,27.59,1724.12,497.1,5430.7,7321.19,1148.7,310.72,421.14,5.4123
1999M11,44,148.3,138,66,112.5,1472.76,27.59,1727.55,478.3,5842.1,7949.55,1147.2,293.18,434.02,5.1538
1999M12,44,147.5,138,66.83333333,112.5,1554.48,27.59,1764.75,479.1,5721.3,8083.38,1183.8,283.07,439.13,5.1573
2000M01,44,147.2,138,77.4,112.5,1680.28,28.79,1843.98,472.1,5927.8,8309.5,1178.8,284.32,441,5.1882
2000M02,44,144.5,138,90.125,112.5,1670.27,28.79,1800.83,452.4,5642.1,9653.33,1094.9,299.86,519.71,5.2467
2000M03,44,143,138,88.75,112.5,1577.05,28.79,1739.39,441.3,5457.8,10280.11,1116.4,286.39,479.33,5.0649
2000M04,44,143,138,83.25,112.5,1457.14,28.79,1678.75,421.1,5384.4,9727.5,1127.6,279.69,497.55,5.0645
2000M05,44,143,138,91,112.5,1466.79,28.79,1785.62,412.1,5451.2,10130.24,1156.9,275.19,525.89,4.9796
2000M06,44,142,138,105.125,112.5,1506.31,28.79,1753.18,419.6,5456.8,8410.91,1117.9,285.73,559.73,4.9976
2000M07,44,140.3,140.25,121.7,112.5,1563.5,28.79,1799.36,452.1,5343.8,8164.41,1136.2,281.59,560.29,4.9692
2000M08,44,148.625,142.5,133.375,112.5,1527.63,28.79,1855.86,473.1,5304.8,8006.71,1169.8,274.47,577.61,4.8864
2000M09,44,157.5,142.5,113.875,112.5,1601.21,28.79,1960.41,487.1,5474.3,8637.98,1224.4,273.68,591.9,4.8904
2000M10,44,155.9,141.25,111.1,112.5,1500.24,28.79,1898.59,486.1,5282.3,7678.07,1095.9,270,579.72,4.8302
2000M11,44,153.5,129,99.375,112.5,1473.86,28.79,1795.11,468,5269.5,7339.77,1059,266.01,593.34,4.6814
2000M12,44,153.5,129,96,112.5,1565.41,28.79,1850.55,462.3,5233.7,7314.34,1059.8,271.45,609.5,4.6398
2001M01,44,154.5,129,121,112.5,1615.65,30.03,1787.5,478.1,5170.5,6994.77,1033.1,265.49,620.47,4.6571
2001M02,44,159,129,105.25,112.5,1604.36,30.03,1765.65,501.8,5121.8,6524.13,1020.9,261.87,600.92,4.5574
2001M03,44,159.125,129,98.875,112.5,1509.17,30.03,1738.77,498.4,5046.4,6133.52,1004.7,263.03,584.23,4.404
2001M04,44,151.3,129,95.3,112.5,1496.91,30.03,1664.16,477.5,4949.2,6329.87,969.4,260.48,594.86,4.365
2001M05,44,142,125.5,85,112.5,1538.77,30.03,1682.21,466.7,4945,7060.83,938,272.36,610.7,4.4333
2001M06,44,133.125,122.5,87.5,112.5,1466.13,30.03,1608.45,444.1,4828.3,6641.19,894.9,270.23,579.72,4.3738
2001M07,44,135,123.75,87.5,112.5,1416.39,30.03,1525.21,461.6,4350.9,5937.05,852.4,267.53,530.84,4.2543
2001M08,44,135,125,88.75,112.5,1377.08,30.03,1464.43,483,3895.7,5520.8,828.1,272.39,451.7,4.2208
2001M09,44,135,124.38,94.5,112.5,1344.56,30.03,1426.33,464.8,3694.5,5027,798.6,283.42,457.9,4.353
2001M10,44,135.9,124.38,96.1,112.5,1282.5,30.03,1377.28,468.1,3750.7,4825.33,761.5,283.06,431.39,4.4012
2001M11,44,140.5,130,96.5,112.5,1327.46,30.03,1427.73,486.5,4041.8,5078.41,772.9,276.16,429.89,4.1226
2001M12,44,141.6666667,131,101.1666667,112.5,1344.63,30.03,1471.74,483.3,4018.5,5263.82,754.7,275.85,461.73,4.3695
2002M01,44,146,131,104.125,112.5,1368.59,29.31,1503.96,513.1,3861.9,6043.18,793.2,281.51,472.11,4.5149
2002M02,44,150.25,138,99.625,112.5,1369.34,29.31,1561.9,480,3730.8,6029.25,771.3,295.5,471.15,4.4232
2002M03,44,149.75,138,90.25,112.5,1405,29.31,1604.88,480.2,3842.8,6537.5,819.3,294.06,512.05,4.5393
2002M04,44,147.8,132,84.7,112.5,1369.99,29.31,1590.33,472.4,4023.6,6958.21,808.2,302.68,539.2,4.5757
2002M05,44,143.875,136.1,85.5,112.5,1343.3,29.31,1595.68,451.9,4149.8,6761.36,769.5,314.49,533.85,4.6992
2002M06,44,149.5,128.88,92.75,112.5,1353.97,29.31,1647.53,440,4286.1,7119.86,767.1,321.18,554.7,4.9044
2002M07,44,160.5,127.38,94.2,112.5,1338.09,29.31,1589.46,446.1,4331.3,7142.72,794.9,313.29,526.2,4.9186
2002M08,44,162.5,133.3,105,112.5,1291.6,29.31,1479.55,423.2,3834,6717.14,747.6,310.26,544.84,4.5403
2002M09,44,160.9,135.5,93,112.5,1301.25,29.31,1478.71,421.3,3957.4,6640.24,756.2,319.14,556.33,4.5536
2002M10,44,156.25,133.1,92.25,112.5,1310.58,29.31,1483.76,418.2,4241.5,6804.46,754.7,316.56,580.2,4.4013
2002M11,44,151.5,132,92.25,112.5,1372.2,29.31,1582.29,442.2,4230,7313.93,765.3,319.07,588.1,4.5108
2002M12,44,147.5,131.5,99.375,112.5,1375.07,29.31,1595.68,443.6,4236.8,7193.16,797.7,331.92,595.44,4.6313
2003M01,44,149.75,128.6,112,112.5,1378.284,31.95,1647.66,444.659,4435.68,8026.02,781.409,356.859,627.91,4.8062
2003M02,44,155.25,136,132.125,112.5,1422.16,31.95,1683.8,475.825,4570.75,8623,785.15,358.97,681.7,4.6551
2003M03,44,177.2,143.75,138.9,112.5,1389.274,31.95,1658.976,456.667,4604.524,8378.81,790.952,340.55,674.33,4.5283
2003M04,44,181.5,145,118.625,112.5,1332.013,31.95,1587.475,437.375,4565.75,7910.125,754.65,328.18,624.91,4.4932
2003M05,44,178.4375,146,128.125,112.5,1398.488,31.95,1648.275,463.5,4736.75,8330.625,775.65,355.683,650.36,4.7413
2003M06,44,171.3,148.25,133.9,112.5,1409.845,31.95,1686.5,468.024,4694.762,8874.762,790.69,356.352,661.67,4.5262
2003M07,44,176.375,150.9,142.75,112.5,1436.087,31.95,1710,514.783,4739.348,8797.391,827.543,351.02,681.52,4.797
2003M08,44,175.625,150,141.5,112.5,1456.313,31.95,1760.275,496.525,4822.5,9351.375,817.875,359.768,692.19,4.9893
2003M09,44,171.3,153.625,146.8,112.5,1415.568,31.95,1789.523,521.273,4911.591,9965.341,818.182,378.945,705.25,5.1708
2003M10,44,166.375,164,150.625,112.5,1474.25,31.95,1920.543,587.326,5236.739,11047.17,897.957,378.92,732.48,5.0022
2003M11,44,169.375,163,153.5,112.5,1508.338,31.95,2055.425,622.325,5362.75,12086.5,914.525,389.91,760.38,5.1777
2003M12,44,187.5,162.875,159.375,112.5,1554.905,31.95,2201.286,692.071,6057.619,14162.5,977.762,406.953,807.87,5.6276
2004M01,44,204.25,171.625,160.25,112.5,1606.488,37.9,2423.571,758.381,6485,15326.548,1017,413.788,849.93,6.3005
2004M02,44,211.5,177.125,134.5,112.5,1685.625,37.9,2759.525,888.475,6672.75,15145.125,1087.675,404.878,846.32,6.4406
2004M03,44,205.3,177.5,130.5,112.5,1655.989,37.9,3008.717,886.478,7619.783,13715,1105.783,406.667,899.76,7.2254
2004M04,44,199.375,177.5,128.375,112.5,1729.738,37.9,2948.725,753.675,8955.75,12848.125,1032.725,403.26,880.64,7.1486
2004M05,44,191.1,177.5,135.9,112.5,1623.224,37.9,2733.5,808.895,9459.474,11118.289,1028.289,383.779,809.83,5.8674
2004M06,44,190.625,177.5,158.25,112.5,1677.716,37.9,2686.705,870.318,9204.773,13533.523,1021.455,392.373,807.55,5.8618
2004M07,44,201.5,191.5,185,112.5,1709.273,37.9,2808.432,939.591,9044.318,15023.295,988.318,398.091,809.52,6.3141
2004M08,44,208.1,195,196.2,125.9,1692.19,37.9,2846.095,921.81,9021.905,13679.524,975.81,400.51,848.68,6.66
2004M09,44,208.5,195,218.125,143.5,1723.602,37.9,2894.864,935.455,9019.545,13270.909,975.182,405.275,847.89,6.4034
2004M10,44,211.75,195,242.125,146,1819.57,37.9,3012.238,932.762,9045.238,14404.286,1064.952,420.464,841.43,7.095
2004M11,44,213.8,198.5,224.5,151.2,1813.898,37.9,3122.795,967.795,9070.455,14045.455,1095.636,439.375,854.41,7.4926
2004M12,44,211.125,202,185.25,152.5,1849.179,37.9,3145.452,974.905,8553.81,13768.81,1180.214,442.079,848.24,7.085
2005M01,44,208.6,202,184.6,152.5,1834.425,65,3170,953.15,7735.75,14505,1246.375,424.03,859.07,6.619
2005M02,44,207.125,202,185.75,152.5,1882.85,65,3253.7,977.55,8088.75,15349.5,1326.175,423.35,864.32,7.03
2005M03,44,210.625,202,217.125,152.5,1979.85,65,3379.49,1004,8407.39,16190.65,1372.15,433.85,866.83,7.2282
2005M04,44,214.75,202,242.125,152.5,1894.286,65,3394.476,985.762,8143.81,16141.905,1300.143,429.233,864.86,7.1188
2005M05,44,217.2,201.625,256,152.5,1743.7,65,3249.1,988.075,8125,16931.5,1243.625,421.873,866.23,7.0224
2005M06,44,224.25,201.5,217.5,152.5,1731.295,65,3524.068,986.068,7618.864,16159.545,1275.727,430.657,880.09,7.3105
2005M07,44,228.25,201.25,221.875,152.5,1778.786,65,3614.214,854.476,7169.286,14580.714,1194.429,424.479,873.67,7.0145
2005M08,44,231.5,201.375,208.5,152.5,1867.841,65,3797.75,887.023,7188.864,14892.727,1298.386,437.93,898.43,7.0334
2005M09,44,240.75,201,210.375,152.5,1839.909,65,3857.841,933.068,6783.864,14228.182,1397.523,456.048,914.64,7.1536
2005M10,44,246.375,201,215.5,152.5,1928.714,65,4059.762,1004.762,6422.857,12402.857,1488.381,469.898,931,7.6705
2005M11,44,246.125,201,235,167.5,2050.591,65,4269.341,1018.409,6160,12115.682,1610.932,476.666,962.61,7.8725
2005M12,44,245.875,201,213.875,167.5,2247.45,65,4576.775,1124.075,6713.5,13429.25,1821.825,510.097,976.59,8.627
2006M01,44,244.3,201,202.3,167.5,2377.857,67.2,4734.333,1256.333,7051.429,14555.238,2090.31,549.864,1026.05,9.1391
2006M02,44,238.125,201,213.875,167.5,2455.325,65.2,4982.4,1277.05,7826.25,14978.75,2219.375,554.995,1041.5,9.5349
2006M03,44,233.625,200.6,243.125,167.5,2429.13,66.7,5102.848,1192.087,7939.565,14897.391,2416.913,557.093,1041.09,10.3838
2006M04,44,231.75,200.5,247.5,167.5,2621.111,67.3,6387.778,1170.417,8853.056,17942.222,3084.778,610.653,1098.75,12.6144
2006M05,44,232.9,200.5,229.5,167.5,2861.476,67.3,8045.857,1166.857,8837.381,21077.143,3565.69,675.393,1260.83,13.3772
2006M06,44,232.375,200.5,210,167.5,2477.341,69.3,7197.614,963.864,7896.364,20754.545,3225.682,596.145,1188.55,10.7964
2006M07,44,230.3,202,205.5,172.5,2512.714,70.5,7712.095,1052.381,8418.571,26586.19,3339.857,633.71,1228.83,11.2324
2006M08,44,228.25,202,210.5,192.5,2459.932,69.8,7695.659,1174.136,8502.045,30743.636,3347.295,632.593,1233.52,12.1874
2006M09,44,225.125,202,215.125,192.5,2472.881,70,7602.357,1342.381,9039.286,30130.714,3403.024,598.186,1183.6,11.6769
2006M10,44,218.5,202,209.2,192.5,2654.591,71.7,7500.386,1531.136,9768.182,32702.955,3822.955,585.78,1082.45,11.5586
2006M11,44,219.375,202,227.375,192.5,2702.795,73.5,7029.182,1624.523,10079.091,32113.864,4382.227,627.827,1183,12.9311
2006M12,44,223.8333333,205.5,251.6666667,192.5,2813.632,73.5,6675.105,1725.5,11158.684,34570.263,4405.395,629.791,1121.19,13.2786
2007M01,44,249.2,207.5,265,192.5,2809.341,78.2,5669.659,1666.091,11361.818,36811.136,3786.682,631.166,1146.65,12.8413
2007M02,44,317.625,215,299.375,192.5,2832.2,82.66,5676.45,1779.6,12933.25,41184.25,3309.5,664.745,1204.55,13.91
2007M03,44,387,254.5,318.125,192.5,2761.727,88.55,6452.477,1914.045,13892.955,46324.773,3271.295,654.895,1218.77,13.1843
2007M04,44,404.6,300,291,192.5,2814.789,91.26,7766.474,2000.947,14052.895,50266.842,3557.474,679.368,1275.81,13.7233
2007M05,44,392,338.125,293.125,192.5,2792.75,102.02,7681.42,2101.25,14140,52179.048,3831.26,667.31,1300.65,13.1478
2007M06,44,387.875,355,291.875,192.5,2676.93,103.21,7474.38,2425.2,14099.76,41718.571,3602.85,655.66,1286.24,13.1443
2007M07,44,398.5,355,269.5,192.5,2732.44,106.09,7972.57,3082.76,14737.84,33425.682,3545.58,665.38,1303.02,12.9093
2007M08,44,401.625,377.5,260.625,192.5,2515.773,121.89,7513.5,3119.455,15174.318,27652.273,3252.523,665.411,1263.61,12.3343
2007M09,57.75,399.625,392.5,305,197.5,2391.25,148.65,7648.975,3226.55,15023,29537.5,2881.4,712.653,1307.65,12.8335
2007M10,71.5,406,402.9,323.75,202.5,2442.37,168.11,8008.435,3719.717,16071.304,31055.435,2975.326,754.604,1410.7,13.6704
2007M11,71.5,447,423.75,366.25,202.5,2506.886,195.09,6966.705,3328.182,16691.818,30610.227,2541.318,806.248,1448.73,14.7016
2007M12,71.5,512.5,446.875,401.6666667,202.5,2381.694,190.12,6587.667,2596.028,16263.056,25991.944,2353.083,803.203,1492.9,14.3036
2008M01,71.5,593.875,539.2,376.625,230.625,2445.523,193.37,7061.023,2608.136,16337.273,27689.545,2340.114,889.595,1583.3,15.9089
2008M02,71.5,692.5,729.375,328.125,240,2776.929,186.12,7887.69,3079.881,17210,27955.476,2438.143,922.298,1999.67,17.569
2008M03,71.5,862.2,875.625,371,240,3005.289,197.12,8439.289,3008.579,19803.947,31225.263,2511.474,968.434,2025.19,19.3174
2008M04,160.375,953.5,1029,462.5,393,2959.273,195.95,8684.932,2822.75,21658.636,28763.182,2263.795,909.705,1988.41,17.5
2008M05,190,997.5,1037,633.75,546,2902.9,192.95,8382.75,2234.625,24062.25,25735,2182.1,888.663,2052.45,17.06
2008M06,190,1004.1,1043.125,642,546,2957.857,183.93,8260.595,1863.048,22229.286,22549.048,1894.476,889.488,2039.24,16.969
2008M07,240,1075.75,1112.5,733.75,546,3071.239,180.5,8414.043,1944.913,23139.348,20160.217,1852.37,939.772,1904.43,18.0339
2008M08,290,1065,1131.5,785,546,2764.375,178.74,7634.7,1923.575,20026.25,18927.75,1723.275,839.025,1485.55,14.635
2008M09,278,980,1079.25,744.5,546,2525.818,139.64,6990.864,1868.364,18368.864,17794.545,1735.477,829.932,1223.18,12.373
2008M10,450,910,965,575,546,2121.413,88.67,4925.696,1480.109,14401.739,12139.783,1302.109,806.62,912.57,10.4413
2008M11,450,710,606,287.5,546,1852.425,64.95,3717,1291.1,13643.5,10701.5,1152.6,760.863,840.3,9.8652
2008M12,450,495,405,240,546,1490.429,69.98,3071.976,962.881,11240,9686.429,1100.571,816.092,839.7,10.2857
2009M01,450,308.875,350,273.75,546,1413.119,72.51,3220.69,1132.738,11372.857,11306.905,1187.405,858.69,947.41,11.2682
2009M02,450,313.75,320,281.25,580.125,1330.2,75.59,3314.725,1100.525,11039.25,10408.75,1112.075,943,1033.25,13.4125
2009M03,450,317.8,295,268.5,682.5,1335.841,64.07,3749.75,1238.909,10675.909,9696.364,1216.75,924.273,1081.77,13.1168
2009M04,315,300.625,278,245.625,682.5,1420.85,59.78,4406.55,1383.1,11743.5,11166,1378.85,890.2,1165.45,12.4793
2009M05,270,267.875,245,236.25,682.5,1460.447,62.69,4568.632,1440.158,13793.421,12634.737,1483.789,928.645,1128.67,13.9838
2009M06,198,256.1,220,239.7,682.5,1573.727,71.66,5013.955,1674.455,14985.682,14960.455,1557.273,945.67,1217.86,14.6543
2009M07,90,263.25,224,243.75,615.625,1667.957,83.95,5215.543,1678.609,14038.913,15984.565,1578.609,934.228,1162.26,13.3617
2009M08,90,276.4,225,251.5,530,1933.75,97.67,6165.3,1900.1,14869.75,19641.75,1821.675,949.375,1244.57,14.3567
2009M09,90,280.625,225,232.25,425,1834.114,80.71,6196.432,2204.545,14869.091,17473.182,1884.023,996.591,1288.7,16.3895
2009M10,90,271.625,246.5,234.875,425,1878.568,86.79,6287.977,2240.773,15008.864,18525.227,2071.591,1043.159,1332.77,17.2361
2009M11,90,273.2,228.5,243.5,425,1949.286,99.26,6675.595,2308.762,14942.381,16991.19,2193.381,1127.036,1400.62,17.8213
2009M12,90,331.5,232,262,425,2180.095,105.07,6981.714,2328.524,15546.905,17066.429,2375.952,1134.724,1437.48,17.6422
2010M01,90,383,296.25,266.5,389.375,2235.15,125.72,7386.25,2368.375,17714.75,18439.25,2434.45,1117.963,1557.9,17.749
2010M02,90,413.625,300,297.5,374.375,2048.925,127.49,6848.175,2123.675,16361.75,18976,2156.9,1095.413,1520.35,15.873
2010M03,90,424.5,354.375,278.7,340,2205.63,139.69,7462.826,2172.087,17549.348,22461.304,2275.065,1113.337,1599.43,17.1061
2010M04,90,417.5,372.5,253.75,340,2316.725,172.47,7745.075,2264.85,18683.5,26030.75,2366.675,1148.688,1710.5,18.0623
2010M05,90,410,352.75,234,334.5,2040.526,161.35,6837.684,1882.684,17566.053,22008.158,1968.368,1205.434,1624.86,18.4333
2010M06,90,392.5,346.8,226.25,312.5,1931.386,143.63,6499.295,1703.955,17319.773,19388.636,1742.841,1232.92,1553.23,18.4548
2010M07,98.75,418.125,360,259.375,312.5,1988.273,126.36,6735.25,1836.977,18191.364,19517.5,1843.886,1192.966,1525.59,17.9605
2010M08,125,459.9,380.75,263.5,312.5,2118.143,145.34,7283.952,2075.238,20754.762,21413.333,2044.571,1215.81,1540.59,18.3877
2010M09,125,506,428,308.75,312.5,2162.341,140.6272727,7709.295,2184.227,22701.136,22643.409,2151.409,1270.977,1591.75,20.5498
2010M10,125,557.25,455,332.5,312.5,2346.57,148.4809524,8292.405,2379.667,26342.619,23807.381,2372.143,1342.024,1688.69,23.3933
2010M11,125,554.1,463.75,365.4,322.5,2333.068,156.1,8469.886,2376.727,25519.091,22909.318,2291.682,1369.886,1692.77,26.5409
2010M12,125,540.625,472.5,380.625,322.5,2350.667,163.1,9147.262,2412.929,26163.333,24111.19,2280.929,1390.553,1711.39,29.3248
2011M01,125,547.4,475,378.5,322.5,2439.525,179.18,9555.7,2601.65,27465.25,25646.25,2371.55,1360.46,1785.43,28.5086
2011M02,140,413.625,490,297.5,374.375,2508.175,187.18,9867.6,2586.675,31526,28252.25,2465.125,1374.68,1825.9,30.7785
2011M03,145,424.5,494,278.7,340,2555.5,169.36,9503.36,2624.02,30590.93,26710.35,2341.48,1423.26,1770.17,35.8135
2011M04,145,417.5,535.625,253.75,340,2678.11,179.33,9492.79,2701.17,32363.31,26408.33,2362.22,1480.89,1797.9,42.6952
2011M05,147,410,547.5,234,334.5,2596.45,177.05,8959.9,2428.32,28676.45,24236.73,2167.35,1512.58,1786.55,37.3359
2011M06,155,575.875,549.5,478.75,355,2557.76,170.88,9066.85,2524.99,25519.68,22420.93,2234.47,1529.36,1768.5,35.795
2011M07,161.875,597.625,555,483.75,442.5,2525.43,172.98,9650.46,2681.02,27398.1,23847.95,2397.75,1572.75,1759.76,37.9171
2011M08,182.5,597.4,560,475.5,442.5,2379.35,177.5,9000.76,2397.28,24042.43,21845.09,2200.17,1759.01,1804.7,40.3313
2011M09,182.5,587.875,560,508.75,442.5,2293.46,177.23,8300.14,2287.67,22526.6,20377.59,2075.22,1772.14,1748.11,38.1545
2011M10,188.75,571.4,592.5,493.5,435,2180.65,150.43,7394.19,1960.38,21868.64,19039.05,1871.42,1666.43,1535.19,31.9748
2011M11,195,563.5,570,481.25,435,2079.98,135.54,7581.02,1994.22,21291.7,17873,1935.32,1739,1596.98,33.0818
2011M12,195,488.75,530,423.125,450,2022.25,136.39,7565.48,2022.35,19375.01,18266.76,1904.73,1639.97,1454.59,30.3032
2012M01,195,451.4,435,368,495,2144.2,140.26,8040.47,2096.16,21438.63,19854.77,1981.86,1654.05,1499.32,30.6509
2012M02,190,435.5,445,375,495,2207.92,140.4,8441.49,2121.26,24293.31,20393.67,2057.79,1744.82,1657.76,34.1405
2012M03,160,442.875,441.25,393.125,495,2184.16,144.66,8470.78,2056.69,22985.43,18660.81,2035.92,1675.95,1655.41,32.9532
2012M04,185,478,441.25,494.375,477.5,2049.67,147.64,8289.48,2071.07,22200.62,17939.79,2002.14,1649.2,1585.81,31.5255
2012M05,195,490.5,485,513.125,477.5,2007.630952,136.61,7955.642857,2012.821429,20405.2381,17068.19048,1936,1589.04,1470.7,28.7196
2012M06,193.125,501.625,485,456.875,477.5,1890.178571,134.66,7423.02381,1854.152381,19271.07143,16549.14286,1858.702381,1598.76,1443.86,27.9836
2012M07,188.5,436.875,485,307.5,279.5,1876.25,127.94,7584.261364,1881.477273,18546.09091,16128.40909,1847.75,1594.29,1425.82,27.4318
2012M08,182.5,504.5,485,382.5,477.5,1845.376087,107.5,7515.532609,1900.619565,18772.61957,15735.20652,1818.163043,1630.31,1453.26,28.8002
2012M09,182.5,527.375,485,384.375,477.5,2064.12,99.47,8087.74,2177.67,20771.26,17287.96,2009.85,1744.81,1623.65,33.6085
2012M10,182.5,533.5,474,349,477.5,1974.3,113.95,8062.03,2141.97,21233.7,17168.74,1903.96,1746.58,1635.83,33.1874
2012M11,182.5,487.875,447.5,383.5,477.5,1948.829545,120.35,7711.227273,2181.965909,20713.06818,16335.36364,1912.397727,1721.64,1576.36,32.7732
2012M12,182.5,472.8333333,435,375.8333333,477.5,2086.763158,128.5111111,7966.486842,2279.802632,22880.89474,17448.5,2040.428947,1684.762,1582.25,31.8745
2013M01,182.5,462.25,428,380,395,2037.75,150.4909091,8047.36,2333.68,24545.9,17472.5,2032.2,1671.847826,1638.891304,31.06173913
2013M02,182.5,464.5,419,415.625,395,2053.595,154.6388889,8060.925,2365.7875,24211.7375,17690.1,2128.6875,1627.57,1674.55,30.3288
2013M03,160,467.625,415,395.625,395,1909.566667,139.87,7645.583333,2169.416667,23296.52381,16724.92857,1926.071429,1593.08619,1582.952381,28.79095238
2013M04,111.5,461.125,409,365.625,395,1861.670455,137.3909091,7234.279545,2027.386364,21662.25,15672.95455,1856.004545,1487.857273,1493.068182,25.355
2013M05,157.5,421.25,410,358.125,395,1832.021739,124.0095238,7249.413043,2032.978261,20775.82609,14947.95652,1831.554348,1414.026957,1475.173913,23.03826087
2013M06,125.625,424.125,410,329.375,395,1814.5375,114.815,7000.2375,2099.6875,20267.4,14280.275,1839.0125,1343.35,1430.23,21.109
2013M07,115,409.625,410,312.5,395,1769.608696,127.1913043,6906.641304,2047.728261,19563.82609,13750.31522,1837.619565,1285.515652,1401.478261,19.71021739
2013M08,115,400.375,360,310.625,395,1817.615909,137.055,7192.920455,2174.181818,21644.43182,14314.93182,1898.818182,1351.741818,1496.090909,21.89386364
2013M09,97.5,374.8,344,301,395,1761.304762,134.1857143,7159.269048,2084.919048,22735.07143,13801.39286,1846.880952,1348.6,1456.86,22.5638
2013M10,84.375,370,324,296.875,395,1814.582609,132.5727273,7203.021739,2115.428261,23101.58696,14117.65217,1884.836957,1316.58,1413.48,21.917
2013M11,87.5,334.375,320,305,395,1747.964286,136.3238095,7070.654762,2089.559524,22826.88095,13684.0119,1866.416667,1275.86,1420.1,20.7576
2013M12,96.875,341.625,320,305,395,1739.81,135.7904762,7214.9,2136.7275,22762.125,13924.55,1974.975,1221.511905,1355.666667,19.67
2014M01,97.5,403.375,333,330,395,1727.41,128.119,7291.47,2143.17,22063.86,14101.25,2036.93,1244.27,1420.95,19.875
2014M02,97.5,450.125,367,353.125,307.625,1695.17,121.37,7149.21,2108.03,22820.67,14203.55,2034.53,1299.58,1409.53,20.845
2014M03,106.6,486.5,384,327.5,278.5,1705.37,111.833,6650.04,2053.08,23024.31,15678.1,2007.9,1336.08,1451.62,20.716
2014M04,111.5,409,383,260,299,1810.67,114.581,6673.56,2087.09,23405.2,17373.6,2027.21,1298.45,1430.33,19.736
2014M05,112.625,413.5625,385,265,300.875,1751.05,100.56,6891.13,2097.32,23271.25,19401.08,2058.97,1288.74,1456.27,19.342
2014M06,111.4,421.375,389,288.75,301.5,1838.95,92.743,6821.14,2106.94,22762,18628.81,2128.1,1279.1,1452.76,19.892
2014M07,111,440.625,390,305,279.5,1948.3,96.05,7113.38,2193.24,22424.01,19117.65,2310.62,1310.59,1492.18,20.923
2014M08,111,446.5,391,311.25,279.5,2030.49,92.614,7001.84,2236.84,22231.05,18600.2,2326.99,1295.13,1446.33,19.736
2014M09,111.375,438.1,398,317.5,279.5,1990.43,82.37954545,6872.22,2117.24,21090.52,18034.8,2294.59,1236.55,1359.48,18.369
2014M10,116,418.75,398,317.5,279.5,1946.19,81.06,6737.48,2034.26,19830.41,15812.37,2276.83,1222.49,1259.76,17.163
2014M11,119.5,408.75,385,317.5,279.5,2055.55,73.73,6712.85,2030.18,20033.47,15807.05,2253.22,1175.33,1208.32,15.966
2014M12,119.5,418.375,381,308.125,279.5,1909.46,68.39,6446.45,1938.11,19829.71,15962.05,2175.76,1200.62,1215.32,16.295
2015M01,119.5,440.25,381.5,305,279.5,1814.72,68.23,5830.54,1843.13,19454.12,14849.19,2113.05,1250.75,1242.45,17.236
2015M02,121.25,444.125,382.5,305,279.5,1817.82,62.75,5729.27,1795.66,18233.91,14573.84,2097.76,1227.08,1197.16,16.787
2015M03,123,428.8,383,295.5,283.4,1773.86,58.05,5939.67,1792.47,17421.91,13755.5,2028.73,1178.63,1138.64,16.24
2015M04,114.125,409,380,260,299,1819.19,52.28,6042.09,2005.36,15900.88,12830.92,2212.72,1198.93,1151.29,16.341
2015M05,110.5,413.5625,380,265,300.875,1804.04,60.3,6294.78,1991.78,15803.59,13511.34,2281.8,1198.63,1140.4,16.833
2015M06,118.9,421.375,380,288.75,301.5,1687.73,62.63,5833.01,1829.5,15064.94,12825.23,2082.09,1181.5,1088.82,16.075
2015M07,121,431.5,380,283.75,301.5,1639.5,52.39,5456.75,1763.04,15071.53,11413.1,2000.68,1128.31,1009.27,15.053
2015M08,121,434.625,378.8,274.625,301.5,1548.13,56.19,5127.3,1703.6,15163.77,10386,1807.64,1117.93,984.1,14.941
2015M09,124,428,379,279.375,301.5,1589.6,56.95,5217.25,1684.25,15453.34,9937.55,1720.23,1124.77,964.38,14.75
2015M10,123.5,423.75,380,250.625,301.5,1516.49,53.12,5216.09,1720.11,15794.61,10316.83,1724.34,1159.25,976.91,15.813
2015M11,123.5,383.875,366.4,263.625,301.5,1467.89,46.86,4799.9,1618.35,14745.29,9244.33,1583.31,1086.44,885.2,14.452
2015M12,123.5,340.625,360,264,301.5,1497.2,40.5,4638.83,1706.58,14691.69,8707.79,1527.79,1075.74,859.82,14.127
2016M01,122.6,327.125,334,233.875,301.5,1481.1,41.88,4471.79,1646.2,13808.08,8507.29,1520.36,1097.91,855.25,14.106
2016M02,114.5,326,286.25,191.875,301.5,1531.26,46.83,4598.62,1765.75,15610.14,8298.5,1709.85,1199.5,919.35,15.167
2016M03,114.5,338.125,291.25,201.75,301.5,1531.01,56.2,4953.8,1802.19,16897.6,8717.25,1801.69,1245.14,967.73,15.465
2016M04,114.125,330.5,295,196.25,301.5,1571.23,60.92,4872.74,1732.27,17032.71,8878.86,1855.37,1242.26,994.19,16.36
2016M05,110.5,313.5,295,198.375,301.5,1550.63,55.13,4694.54,1707.8,16706.95,8660.35,1869.03,1260.95,1035.86,16.947
2016M06,110.5,306.625,285,142.625,301.5,1593.51,51.98,4641.97,1712.77,16966.69,8928.35,2026.19,1276.4,984.14,17.286
2016M07,110.5,305.2,281,181,282.5,1629.05,57.26,4864.9,1834.79,17826.23,10262.86,2183.25,1336.66,1087.5,19.992
2016M08,109.75,318.0625,281.25,186.25,206.5,1639.28,60.89,4751.67,1835.52,18427.02,10335.99,2279.14,1340.17,1121.65,19.587
2016M09,109,320,287,187.3,206.5,1592.36,57.79,4722.2,1947.64,19499.52,10191.78,2292.31,1326.61,1046.71,19.357
2016M10,109,310,285,187.5,206.5,1665.9,59.09,4731.26,2024.49,20099.76,10259.74,2311.5,1266.55,959.14,17.655
2016M11,103,298,285,205,206.5,1737.11,73.1,5450.93,2180.58,21126.09,11128.91,2566.2,1238.35,955.14,17.407
2016M12,97.5,296.625,277.5,217.75,206.5,1727.74,80.02,5660.35,2209.84,21204.35,10972.27,2664.81,1157.36,918.38,16.432
2017M01,96.875,308,270,233.75,206.5,1791.24,80.41,5754.56,2242.62,20691.79,9971.46,2714.8,1192.1,971.15,16.902
2017M02,95,326,278.75,191.875,301.5,1860.75,89.44,5940.91,2311.5,19446.47,10643.3,2845.55,1234.2,1007.63,17.933
2017M03,97.5,325.625,288,223.5,206.5,1901.47,87.65,5824.63,2280.92,19875.2,10204.66,2776.88,1231.42,962.87,17.631
2017M04,95.625,313.125,285,207.875,206.5,1921.22,70.22,5683.9,2220.61,19910.32,9609.28,2614.92,1266.88,960.84,18.033
2017M05,92.5,309.25,275,178.75,206.5,1913.02,62.43,5599.56,2125.11,20200.33,9155.12,2590.21,1246.04,930.27,16.745
2017M06,92.5,310.3,275,191,206.5,1885.29,57.48,5719.76,2132.93,19658.84,8931.76,2573.4,1260.26,930.73,16.931
2017M07,92.5,313.75,275.75,181,207.25,1902.96,67.74,5985.12,2269.86,20223.48,9491.39,2787.19,1236.84,918.9,16.152
2017M08,88.75,320.75,280.5,192.625,215.5,2030.01,76.07,6485.63,2348.47,20521,10889.98,2980.73,1283.04,972.7,16.952
2017M09,85,325.9,283.2,219,215.5,2096.49,71.53,6577.17,2374.39,20796.62,11215.79,3116.86,1314.07,964.1,17.432
2017M10,80,322.375,283.5,252.5,215.5,2131.49,61.66,6807.6,2498.22,20376.09,11335.77,3264.6,1279.51,921,16.941
2017M11,80,344,295,280,215.5,2097.44,64.24,6826.55,2461.43,19557.52,11972,3229.31,1281.9,934.05,16.977
2017M12,80,357.25,308.75,214.625,215.5,2080.47,72.25,6833.89,2509.92,19476.37,11495.11,3195.95,1264.45,907.2,16.165
2018M01,80,360.375,320,219.625,215.5,2209.73,76.34,7065.85,2584.09,20696.91,12864.88,3441.52,1331.3,990.12,17.127
2018M02,82.5,370,320,232.5,215.5,2181.79,77.46,7006.52,2581.06,21651.55,13595.88,3532.9,1330.73,987.26,16.582
2018M03,84.7,378,324,232.5,215.5,2069.24,70.35,6799.18,2390,21211.94,13392.5,3269.18,1324.66,954.57,16.473
2018M04,88,384.75,325,230.625,215.5,2254.69,65.75,6851.51,2352.41,21291.1,13938.1,3188.05,1334.76,924.05,16.648
2018M05,88,384.375,326,221.875,215.5,2299.67,66.1,6825.27,2360.93,20858.83,14366.49,3059.87,1303.45,904.73,16.49
2018M06,86.8,391.6,335.2,224,215.5,2237.62,65.04,6965.86,2436.29,20660.52,15105.65,3088.57,1281.57,884.9,16.541
2018M07,86.88,400.75,344.25,252.5,215.5,2082.24,64.56,6250.75,2207.02,19729.8,13793.86,2656.13,1237.71,832,15.723
2018M08,87.5,409,357.6,260,215.5,2051.51,67.15,6051.05,2053.53,19228.77,13411.35,2512,1201.71,804.91,14.987
2018M09,87.5,421.63,376.25,267.5,215.5,2026.46,68.44,6050.76,2022.91,18967.13,12510.35,2434.68,1198.39,804.79,14.272
2018M10,91.25,420.75,385,270,215.5,2029.86,73.41,6219.59,1987.55,19121.48,12314.91,2673.67,1215.39,829.87,14.597
2018M11,92.5,410.2,379.2,305.6,215.5,1938.51,73.26,6195.92,1937.11,19064.86,11239.72,2595.69,1220.65,846.19,14.353
2018M12,99.17,389.67,368.33,276.67,215.5,1920.38,69.16,6075.32,1972.32,19259.58,10835.08,2616.29,1250.4,791.16,14.772
2019M01,102.5,382.13,355,260,215.5,1853.72,76.16,5939.1,1997.14,20457.75,11523.09,2569.7,1291.75,806.77,15.624
2019M02,102.5,357.38,343.75,250.63,215.5,1862.99,88.22,6300.49,2062.79,21263.95,12685.23,2707.19,1320.07,818.15,15.815
2019M03,98.5,335.03,321,247.5,245.5,1871.21,86.47,6439.46,2046.46,21393.4,13026.27,2850.6,1300.9,842.81,15.296
2019M04,97.5,323.75,310,247.5,265.5,1845.42,93.7,6438.36,1938.99,20604.3,12772.79,2932.65,1285.91,887.29,15.055
2019M05,97.5,313.4,305,247.5,265.5,1781.26,100.15,6017.9,1815.19,19523.9,12016.31,2742.81,1283.7,833.55,14.662
2019M06,97.5,314.88,293.75,247.5,265.5,1755.95,108.94,5882.23,1899.7,19193.2,11943.94,2601.22,1359.04,808.2,15.036
2019M07,80,307.5,283.75,263.5,265.5,1796.99,120.24,5941.2,1975.64,17977.85,13546.3,2446.51,1412.89,843.95,15.791
2019M08,78,292.9,275,262.5,265.5,1740.68,93.07,5709.44,2044.55,16608.99,15748.64,2273.01,1500.41,859.14,17.224
2019M09,77.5,285.75,270,237.75,265.5,1753.51,93.08,5759.25,2071.85,16830.62,17656.88,2331.56,1510.58,944.7,18.16
2019M10,77.5,277.38,270,237,265.5,1725.96,88.53,5757.3,2184.09,16603.39,17046.22,2451.65,1494.81,897.26,17.645
2019M11,74,248,264,224.5,265.5,1774.79,84.98,5859.95,2021.15,16335.48,15171.81,2425.48,1470.79,901.8,17.165
2019M12,72.5,238.16,243.33,217.5,265.5,1771.38,92.65,6077.06,1900.54,17141.05,13829.42,2272.54,1479.13,924.25,17.138
2020M01,72.5,264.9,239,215.4,268.7,1773.09,95.76,6031.21,1923.93,17029.18,13506.86,2354.31,1560.67,987.36,17.972
2020M02,72.5,279.38,245,214.38,243.38,1688.1,87.68,5687.75,1872.54,16480.3,12715.55,2113.24,1597.1,961.1,17.88
2020M03,71.88,276.22,245,231.13,235,1610.89,88.99,5182.63,1734.44,15290.91,11846.23,1903.63,1591.93,759,14.884
2020M04,70.75,282,245,235,220.38,1459.93,84.73,5057.97,1657.55,14952.8,11804.01,1903.37,1683.17,753.86,15.065
2020M05,72.9,263,243,201.9,222.2,1466.37,93.65,5239.83,1626.34,15401.92,12179.61,1975.32,1715.91,790.22,16.256
2020M06,75,273,240,202,226.25,1568.57,103.3,5754.6,1744.84,16837.84,12727.15,2025.71,1732.22,820.77,17.713
2020M07,75,305.1,262.2,214.4,237.5,1643.81,108.52,6372.46,1817.93,17469.92,13402.3,2177.2,1846.51,864.64,20.647
2020M08,76.88,341.88,276.25,249.5,240.38,1737.26,121.07,6498.94,1935.73,17650.03,14537.75,2410.05,1968.63,940.33,27.003
2020M09,79.38,358.38,282.5,250.5,247.75,1743.77,123.75,6704.9,1872.91,17951.26,14857.49,2442.46,1921.92,907.62,25.742
2020M10,80,357.1,290,245,255,1806.1,119.78,6713.81,1776.27,18176.59,15239.36,2440.65,1900.27,876.27,24.23
2020M11,82.5,359.63,292.5,245,250,1935.28,124.36,7068.91,1915.62,18522.48,15807.73,2671.6,1866.3,911.55,24.079
2020M12,83.33,388.5,320,245,246.33,2014.67,155.43,7772.24,2020.47,19731.96,16823.04,2779.85,1858.42,1028,24.968
2021M01,85,421.3,337.6,265,255.5,2003.98,169.63,7972.15,2014.73,21920.24,17863.18,2705.34,1866.98,1090.95,25.88
2021M02,88.13,528.88,453.75,335,290.63,2078.59,163.8,8470.94,2080.11,26315.75,18584.38,2744.5,1808.17,1206.7,27.293
2021M03,96.25,534.13,458,352.88,320.88,2190.48,168.18,8988.25,1948,27061,16406.66,2791.94,1718.23,1181,25.648
2021M04,95,543.4,478,328.1,345.5,2319.39,179.83,9324.82,2011.92,28328.42,16521.25,2829.01,1760.04,1208.81,25.687
2021M05,102.5,574.63,527.5,331.63,378.13,2433.53,207.72,10161.97,2181.81,32246.21,17577.06,2965.73,1850.26,1214,27.504
2021M06,125,604.75,550,393.25,462.5,2446.65,214.43,9631.5,2191.03,32502.55,17979.57,2951.85,1834.57,1124,26.995
2021M07,125,613,555,441.5,633,2497.64,214.14,9450.82,2337.51,34020.18,18818.51,2947.52,1807.84,1086.48,25.677
2021M08,136.88,603.13,555,446.88,695,2602.99,162.16,9370.14,2414.47,35024,19141.3,2987.95,1785.28,1008.73,23.986
2021M09,147.5,643.75,573.75,418.75,736.25,2834.56,124.52,9324.71,2248.3,34887.3,19376.88,3036.02,1775.14,973.19,23.185
2021M10,147.5,672.9,618,695,782,2934.39,122.91,9829.22,2344.83,37722.92,19362.39,3359.91,1776.85,1017.1,23.413
2021M11,153.13,726.69,665,900.5,806.88,2636.45,96.24,9728.9,2329.98,39158.69,19932.86,3311.27,1821.76,1038.05,24.175
2021M12,176.67,745,686.67,890,807.5,2695.53,116.96,9551.18,2301.69,39422.52,20015.55,3399.21,1790.43,944.59,22.532
2022M01,173.13,699.38,674.38,846.38,785.63,3005.98,132.53,9782.34,2331.85,41791.7,22355.4,3599.14,1816.02,994.15,23.158
2022M02,172.5,747.13,680,744.17,791.88,3245.79,142.84,9943.17,2296.86,43983.35,24015.55,3620.04,1856.3,1049.4,23.542
2022M03,178.75,938.13,792.5,872.5,977.5,3498.37,152.07,10230.89,2344.84,43949.67,33924.18,3962.21,1947.83,1043.26,25.314
2022M04,249.5,954,856,925,1202,3244.41,151.25,10161.38,2380.41,42991.11,33132.74,4360.43,1936.86,965,24.545
2022M05,255,842.5,827.5,707.5,1170,2830.32,131.21,9377.15,2142.48,35769.39,28062.55,3751.48,1848.5,958.38,21.905
2022M06,287.5,783.75,730.13,690,1101.88,2563.44,130.74,9024.46,2066.38,31559.31,25658.63,3629.73,1836.57,956.59,21.556
2022M07,320,784,736,601,1013,2408.42,108.57,7544.81,1985.2,25395.77,21481.89,3105.36,1732.74,869.25,19.075
2022M08,320,749.38,703.75,591.25,888.75,2430.79,108.85,7981.84,2072.72,24647.48,22057.39,3587.57,1764.56,908.65,19.724
2022M09,320,752,708,678,731,2224.76,99.81,7746.01,1870.1,21124.04,22773.97,3124.97,1680.78,881.24,18.944
2022M10,317.5,725,675,636.25,622.5,2255.54,92.56,7651.08,1999.86,19391.17,22032.89,2967.21,1664.45,914.67,19.426
2022M11,300,665.63,625,588.75,563.13,2350.72,93.34,8049.86,2099.99,21249.5,25562.7,2938.92,1725.07,989.05,21.018
2022M12,300,625,584.38,519.38,513.75,2401.69,111.84,8375.4,2216.48,24172.37,28946.81,3129.48,1797.55,1010.95,23.326
2023M01,300,631,569.38,443.75,508.75,2501.82,122.23,9037.95,2201.26,28154.14,28194.61,3309.81,1897.71,1053.25,23.653
2023M02,322.5,612.5,547.5,357.5,496.88,2416.18,127.6,8936.59,2093.06,26862.9,26727.95,3133.84,1854.54,958.85,21.921
2023M03,345,606,537.5,313.5,453,2296.42,128.37,8856.31,2115.18,23999.96,23288.61,2967.46,1912.73,970.61,21.976
2023M04,345,637,550,313.38,407.5,2343.23,117.39,8809.42,2149.43,25793.75,23894.56,2767.56,1999.77,1050.74,25.01
2023M05,345,510,485.63,329.25,372.5,2268.6,105.15,8217.47,2083.6,25533.8,21970.39,2475.7,1992.13,1062.73,24.267
2023M06,344.5,454.55,390,287.5,328,2184.75,113.45,8396.52,2122.89,27216.68,21233.28,2375.45,1942.9,970.64,23.417
2023M07,342.5,458.75,392.25,334.63,341.25,2159.73,114.43,8476.68,2109.12,28743.14,21091.26,2404.65,1951.02,950.42,24.256
2023M08,346.25,528.75,450.63,385.63,353.13,2136.57,110.2,8349.13,2153.84,26074.87,20438.65,2406.72,1918.7,925,23.437
2023M09,347.5,527.9,461.5,380,352,2184.67,120.98,8276.71,2252.1,25573.93,19644.64,2495.5,1915.95,920.9,23.101
2023M10,347.5,534.75,468.13,411.38,341.88,2192.21,118.97,7937.18,2133.72,24536.07,18281.23,2448.56,1916.25,891.9,22.379
2023M11,,535.63,462.63,385.5,331.88,2202.26,131.07,8189.59,2188.46,24167.86,17027.36,2543.61,1984.11,905.75,23.488
2023M12,152.5,563.75,447.5,354,311.88,2182.43,137.05,8399.94,2026.91,24600.26,16460.84,2502.39,2026.18,935.47,23.878
2024M01,152.5,596.25,450.63,335.38,296.25,2192.82,135.82,8338.88,2086.12,25099.84,16103.83,2515.42,2034.04,925.86,22.916
2024M02,152.5,583.81,454.38,351.25,289.38,2179.46,124.39,8304.95,2079.83,26104.1,16338.46,2360.09,2023.24,894.29,22.657
2024M03,152.5,617.5,449,330,300.5,2226.16,109.79,8689.13,2056.2,27450.46,17438.83,2461.04,2158.01,908.75,24.518
2024M04,152.5,545,442.5,320,305,2506.1,112.75,9464.43,2129.46,31774.5,18163.95,2732.74,2331.45,940.18,27.494
2024M05,152.5,522,434.9,284.8,307,2564.54,118.88,10139.33,2220.81,32977.51,19586.98,2959.13,2351.13,1014.68,29.36
2024M06,152.5,543,473.75,336.25,310,2497.61,107.45,9648.17,2147.1,32032.7,17498.01,2809.19,2326.44,985.08,29.577
2024M07,152.5,539.4,505.75,342.5,300.63,2349.13,106.85,9385.31,2106.94,31860.47,16334.88,2777.27,2398.2,978.8,29.773
2024M08,152.5,546,507.2,342.5,294,2343.67,99.91,8971.96,1994.63,31491.65,16292.12,2714.08,2470.15,945.36,28.53
2024M09,152.5,554.75,504.38,337.5,286.88,2449.92,92.83,9237.48,2000.31,31471.69,16076.74,2837.02,2570.55,966.7,30.131
2024M10,152.5,573.44,503.75,374.75,278.13,2595.58,101.39,9533.99,2034,32012.43,16765.8,3105.77,2690.08,998.91,32.416
2024M11,152.5,574.5,491,352.3,281,2582.19,100.5,9075.73,1987.53,29654.89,15723.06,3004.2,2651.13,965.53,31.094
2024M12,152.5,568.33,477.5,352,292.5,2541.02,102.21,8916.32,1990.43,28864.99,15444.89,3034.16,2648.01,937.88,30.764
2025M01,152.5,582.7,478,380.5,302,2573.4,99.58,8991.41,1921.36,29612.36,15394.14,2818.96,2709.69,949.23,30.411
2025M02,152.5,603.75,480.63,436.5,318.75,2657.6,105.08,9330.6,1956.55,31832.96,15288.09,2800.14,2894.73,978.25,32.152